Opent,Open,High,Low,Close,Volume,Close time,Volume pair,TradeNr,useless,useless2,nothing
1683158400000,29026.16000000,29062.27000000,29020.00000000,29060.09000000,167.33470000,1683158579999,4859000.29309600,3270,113.20887000,3287392.35420200,0
1683158580000,29060.10000000,29063.19000000,29046.02000000,29047.76000000,79.49311000,1683158759999,2309656.77295060,1949,42.87514000,1245679.02983660,0
1683158760000,29047.75000000,29047.76000000,29003.37000000,29020.82000000,153.37783000,1683158939999,4450670.96897990,2626,86.79922000,2518583.84532500,0
1683158940000,29020.82000000,29039.81000000,28990.90000000,29039.81000000,96.86582000,1683159119999,2810214.10354820,2386,49.41884000,1433735.93537010,0
1683159120000,29039.80000000,29085.69000000,29039.80000000,29080.05000000,111.48081000,1683159299999,3241152.19063850,2524,62.46409000,1815935.95546620,0
1683159300000,29080.05000000,29082.62000000,29053.17000000,29071.38000000,61.71284000,1683159479999,1793729.36864590,1593,26.83318000,779916.38986270,0
1683159480000,29071.38000000,29104.27000000,29039.74000000,29039.74000000,134.78043000,1683159659999,3918742.68698290,2837,65.73313000,1911035.60455350,0
1683159660000,29039.75000000,29071.51000000,29039.74000000,29070.87000000,36.40089000,1683159839999,1057963.29911230,1454,23.56960000,684977.12383820,0
1683159840000,29070.87000000,29074.77000000,29052.42000000,29068.16000000,59.29458000,1683160019999,1723205.78191920,1576,40.74513000,1184143.78798930,0
1683160020000,29068.16000000,29068.17000000,29036.45000000,29036.96000000,50.96540000,1683160199999,1480549.86751580,1364,21.93466000,637151.83791240,0
1683160200000,29036.97000000,29047.70000000,29015.26000000,29015.26000000,101.18065000,1683160379999,2937507.45584430,1977,41.35552000,1200722.30571750,0
1683160380000,29015.27000000,29015.64000000,28973.51000000,28975.52000000,118.75711000,1683160559999,3443040.02125070,2601,39.53725000,1146285.01911760,0
1683160560000,28975.51000000,29015.63000000,28974.51000000,28990.00000000,109.07832000,1683160739999,3162358.18774970,2193,64.72149000,1876302.49653330,0
1683160740000,28990.00000000,28990.01000000,28950.98000000,28984.52000000,87.12034000,1683160919999,2524030.96054230,2634,31.17656000,903179.51166430,0
1683160920000,28984.52000000,29003.43000000,28984.52000000,29000.70000000,53.27006000,1683161099999,1544686.16750910,1329,30.06481000,871723.62391780,0
1683161100000,29000.69000000,29053.33000000,29000.69000000,29053.32000000,85.69484000,1683161279999,2488053.30991370,2117,51.35998000,1491263.37048610,0
1683161280000,29053.32000000,29083.14000000,29050.34000000,29065.45000000,75.06494000,1683161459999,2181680.00970660,1831,48.61234000,1412793.35732120,0
1683161460000,29065.45000000,29081.95000000,29065.44000000,29065.74000000,60.46613000,1683161639999,1757973.28879070,1371,43.83338000,1274374.31056220,0
1683161640000,29065.74000000,29074.26000000,29040.23000000,29041.90000000,121.17724000,1683161819999,3520604.69345270,1688,39.84881000,1157647.70747200,0
1683161820000,29041.89000000,29063.61000000,29041.89000000,29043.94000000,41.40062000,1683161999999,1202827.00333710,990,29.15331000,847016.43449030,0
1683162000000,29043.93000000,29052.46000000,29041.94000000,29047.17000000,37.08586000,1683162179999,1077250.13485990,1307,22.66195000,658272.38740990,0
1683162180000,29047.17000000,29060.37000000,29043.80000000,29050.01000000,44.74011000,1683162359999,1299868.36004220,1151,15.53243000,451259.89298340,0
1683162360000,29050.01000000,29050.01000000,29013.11000000,29045.63000000,82.70548000,1683162539999,2400760.31217610,1436,30.89112000,896644.51638770,0
1683162540000,29045.63000000,29065.33000000,29039.85000000,29059.55000000,48.37783000,1683162719999,1405593.18496780,1414,20.23625000,587879.00703810,0
1683162720000,29059.54000000,29065.01000000,29059.54000000,29061.06000000,40.20654000,1683162899999,1168499.67558350,876,21.30638000,619216.37245810,0
1683162900000,29061.05000000,29077.00000000,29049.25000000,29049.25000000,59.14035000,1683163079999,1718647.42936070,1380,31.62994000,919171.36817270,0
1683163080000,29049.25000000,29049.26000000,29025.31000000,29034.95000000,40.16212000,1683163259999,1166220.67955220,1264,12.16824000,353281.24468200,0
1683163260000,29034.95000000,29054.27000000,29025.43000000,29025.43000000,47.83168000,1683163439999,1388909.00461630,1351,15.40512000,447316.06438620,0
1683163440000,29025.44000000,29025.44000000,28991.29000000,28994.74000000,81.97561000,1683163619999,2377608.02276330,1585,30.56467000,886397.20785900,0
1683163620000,28994.73000000,28994.74000000,28975.00000000,28979.41000000,60.80227000,1683163799999,1762234.58323870,1731,23.24550000,673688.09797210,0
1683163800000,28979.41000000,29018.54000000,28979.40000000,29015.28000000,55.10337000,1683163979999,1598306.09253940,1670,31.63869000,917616.90926630,0
1683163980000,29015.28000000,29036.14000000,29015.28000000,29032.56000000,52.71304000,1683164159999,1529926.69960650,1416,29.54271000,857425.35372940,0
1683164160000,29032.56000000,29045.23000000,29030.15000000,29041.67000000,67.41110000,1683164339999,1957376.46910590,1429,37.99645000,1103240.78704180,0
1683164340000,29041.68000000,29046.00000000,29028.07000000,29028.08000000,28.89538000,1683164519999,839101.51035120,889,9.60700000,278988.97360170,0
1683164520000,29028.07000000,29032.96000000,29012.63000000,29012.63000000,36.02110000,1683164699999,1045472.98351050,1012,11.72791000,340395.91557390,0
1683164700000,29012.63000000,29051.42000000,29012.49000000,29042.57000000,179.16915000,1683164879999,5201673.54238040,2209,135.42247000,3931487.49125130,0
1683164880000,29042.56000000,29061.68000000,29033.90000000,29033.91000000,88.63328000,1683165059999,2574961.45095900,1400,58.01485000,1685473.00923660,0
1683165060000,29033.91000000,29039.02000000,29003.90000000,29019.53000000,88.97941000,1683165239999,2582351.12747900,1534,26.15295000,758891.66998270,0
1683165240000,29019.53000000,29068.88000000,29018.30000000,29068.02000000,68.46533000,1683165419999,1988543.20512230,1569,54.03469000,1569272.80462150,0
1683165420000,29068.02000000,29078.75000000,29049.16000000,29070.67000000,116.71658000,1683165599999,3392461.33196360,1769,75.84408000,2204530.57713310,0
1683165600000,29070.67000000,29162.88000000,29070.66000000,29137.08000000,248.52015000,1683165779999,7237662.11962330,5160,166.59040000,4851004.54433510,0
1683165780000,29137.08000000,29195.94000000,29137.08000000,29155.85000000,266.76137000,1683165959999,7782813.07769200,4047,155.64323000,4540804.58142690,0
1683165960000,29155.84000000,29155.85000000,29103.83000000,29109.00000000,109.98972000,1683166139999,3203143.21091560,1918,40.68061000,1184592.14508310,0
1683166140000,29109.01000000,29114.57000000,29083.68000000,29083.69000000,82.58697000,1683166319999,2403660.32174570,1776,38.53777000,1121730.84923600,0
1683166320000,29083.69000000,29089.34000000,29045.79000000,29045.79000000,65.60344000,1683166499999,1906778.01138010,1909,20.85933000,606179.43481290,0
1683166500000,29045.80000000,29065.60000000,29038.49000000,29065.60000000,92.72885000,1683166679999,2693680.46632920,1906,48.80889000,1417809.52073590,0
1683166680000,29065.59000000,29085.26000000,29065.59000000,29081.90000000,39.47115000,1683166859999,1147772.65247600,1129,15.18624000,441572.58018640,0
1683166860000,29081.91000000,29081.91000000,29065.00000000,29065.01000000,36.22202000,1683167039999,1053012.86105360,969,13.66437000,397208.25718010,0
1683167040000,29065.01000000,29065.01000000,29048.00000000,29053.44000000,55.34641000,1683167219999,1608290.07641130,1388,16.90193000,491096.57620910,0
1683167220000,29053.44000000,29057.88000000,29040.46000000,29040.46000000,28.48900000,1683167399999,827638.34575520,1017,10.95500000,318280.84236860,0
1683167400000,29040.47000000,29053.31000000,29026.88000000,29028.11000000,79.22913000,1683167579999,2300533.95100850,1911,31.54610000,915931.62017300,0
1683167580000,29028.12000000,29050.19000000,29016.33000000,29050.19000000,102.29948000,1683167759999,2970235.52336760,1809,81.65761000,2370898.55616510,0
1683167760000,29050.19000000,29052.53000000,29024.34000000,29030.41000000,67.37725000,1683167939999,1956724.98215780,1209,24.40791000,708726.39891970,0
1683167940000,29030.41000000,29030.42000000,29013.95000000,29022.70000000,39.20932000,1683168119999,1137802.78211620,1322,25.15877000,730054.68702960,0
1683168120000,29022.69000000,29031.78000000,29007.06000000,29008.15000000,73.62689000,1683168299999,2136695.62605860,1496,30.93611000,897813.62829920,0
1683168300000,29008.16000000,29020.61000000,29008.15000000,29015.75000000,35.70120000,1683168479999,1035768.39285560,982,17.04714000,494547.45683560,0
1683168480000,29015.76000000,29015.76000000,29001.64000000,29009.09000000,57.85616000,1683168659999,1678289.02358700,1349,27.29752000,791801.06231890,0
1683168660000,29009.09000000,29036.17000000,29009.08000000,29028.12000000,53.27420000,1683168839999,1546239.03288830,1373,38.54761000,1118759.03182380,0
1683168840000,29028.13000000,29051.67000000,29023.10000000,29026.15000000,73.51690000,1683169019999,2134690.05855130,1477,24.66986000,716414.65806570,0
1683169020000,29026.15000000,29067.56000000,28991.35000000,29060.61000000,138.78538000,1683169199999,4028197.49266400,2882,67.68873000,1964620.88588310,0
1683169200000,29060.60000000,29085.47000000,29036.41000000,29036.42000000,84.48878000,1683169379999,2455452.50731380,2177,26.03988000,756722.93620500,0
1683169380000,29036.41000000,29077.64000000,29036.41000000,29077.63000000,135.03034000,1683169559999,3923025.52514260,2038,53.50914000,1554492.64980800,0
1683169560000,29077.64000000,29079.40000000,29061.48000000,29065.90000000,51.50590000,1683169739999,1497435.88788250,1116,13.25901000,385460.59308760,0
1683169740000,29065.90000000,29083.59000000,29054.85000000,29083.59000000,37.17681000,1683169919999,1080768.55890470,1319,15.11150000,439258.30484480,0
1683169920000,29083.59000000,29091.14000000,29079.77000000,29091.14000000,31.55167000,1683170099999,917689.30001800,1106,17.12638000,498130.54117040,0
1683170100000,29091.13000000,29091.14000000,29050.02000000,29050.02000000,41.77046000,1683170279999,1214334.08307910,1266,16.51783000,480312.80748100,0
1683170280000,29050.02000000,29074.32000000,29038.55000000,29074.32000000,32.73715000,1683170459999,951065.81896360,1131,19.25052000,559258.17781820,0
1683170460000,29074.31000000,29097.57000000,29069.44000000,29085.59000000,75.32750000,1683170639999,2190755.72072690,1583,53.81253000,1564988.53929350,0
1683170640000,29085.58000000,29085.59000000,29073.00000000,29076.94000000,52.25657000,1683170819999,1519599.98334280,1219,25.41880000,739140.28863270,0
1683170820000,29076.94000000,29076.95000000,29054.46000000,29065.32000000,50.85151000,1683170999999,1477915.84780350,1250,15.19298000,441511.09628820,0
1683171000000,29065.31000000,29085.10000000,29065.31000000,29076.07000000,48.44153000,1683171179999,1408490.83012560,1309,27.28282000,793241.86587280,0
1683171180000,29076.06000000,29085.76000000,29065.32000000,29068.00000000,51.79716000,1683171359999,1506203.81959450,1195,13.41195000,390012.51902400,0
1683171360000,29067.99000000,29071.16000000,29021.54000000,29025.45000000,82.26485000,1683171539999,2389158.71458080,1888,24.00052000,696966.52815040,0
1683171540000,29025.44000000,29038.55000000,29022.53000000,29037.68000000,39.96539000,1683171719999,1160302.92441240,1150,21.95094000,637253.24224600,0
1683171720000,29037.68000000,29057.53000000,29037.67000000,29041.52000000,43.26092000,1683171899999,1256544.21782270,1104,21.95044000,637517.98756290,0
1683171900000,29041.52000000,29046.73000000,29022.01000000,29022.01000000,44.29755000,1683172079999,1286307.22010240,1047,8.56912000,248876.76506790,0
1683172080000,29022.01000000,29042.37000000,29016.78000000,29033.15000000,60.77026000,1683172259999,1764053.34721030,1504,28.18239000,818073.26050630,0
1683172260000,29033.15000000,29076.46000000,29033.01000000,29073.54000000,45.17008000,1683172439999,1312445.29126360,1159,28.94837000,841091.86478360,0
1683172440000,29073.55000000,29097.57000000,29073.54000000,29088.78000000,67.69191000,1683172619999,1968933.43541900,1853,33.39561000,971353.01323880,0
1683172620000,29088.78000000,29100.00000000,29087.91000000,29096.86000000,70.38853000,1683172799999,2047834.79435210,1424,50.74277000,1476258.84598520,0
1683172800000,29096.85000000,29108.54000000,29079.62000000,29085.28000000,78.59386000,1683172979999,2286513.33230180,1779,35.79382000,1041340.94767890,0
1683172980000,29085.28000000,29092.53000000,29083.24000000,29092.52000000,29.77973000,1683173159999,866190.86519050,917,13.93932000,405461.91446100,0
1683173160000,29092.51000000,29092.52000000,29074.97000000,29086.10000000,62.38591000,1683173339999,1814313.28504250,1253,27.90760000,811594.04997160,0
1683173340000,29086.10000000,29101.00000000,29086.09000000,29088.42000000,57.98514000,1683173519999,1686904.63473870,1213,27.12220000,788976.16102830,0
1683173520000,29088.42000000,29100.01000000,29088.41000000,29092.91000000,60.70762000,1683173699999,1766395.26791330,1113,16.55094000,481567.50544310,0
1683173700000,29092.91000000,29096.26000000,29090.92000000,29095.79000000,47.71090000,1683173879999,1388108.25998060,991,18.25753000,531177.06329430,0
1683173880000,29096.25000000,29101.95000000,29088.92000000,29088.93000000,39.65893000,1683174059999,1153985.65502190,1007,10.93377000,318149.82618680,0
1683174060000,29088.92000000,29106.98000000,29087.59000000,29106.97000000,29.79593000,1683174239999,866981.79028410,1029,17.60118000,512137.47686140,0
1683174240000,29106.97000000,29130.00000000,29080.38000000,29080.39000000,134.60761000,1683174419999,3918749.78291650,2115,75.76650000,2205836.34213670,0
1683174420000,29080.39000000,29097.70000000,29080.38000000,29097.36000000,32.05814000,1683174599999,932587.11055530,1092,20.40844000,593660.32747460,0
1683174600000,29097.20000000,29106.97000000,29088.19000000,29106.97000000,39.73333000,1683174779999,1156212.58211710,1189,25.22465000,734048.10398370,0
1683174780000,29106.96000000,29119.92000000,29093.90000000,29105.76000000,144.45907000,1683174959999,4204393.72618090,1835,62.50279000,1818930.00665470,0
1683174960000,29105.75000000,29105.76000000,29090.00000000,29090.01000000,42.21507000,1683175139999,1228275.33396790,959,10.70830000,311533.67990510,0
1683175140000,29090.00000000,29105.74000000,29085.41000000,29095.00000000,49.52479000,1683175319999,1440984.56414330,1382,18.99612000,552684.54683670,0
1683175320000,29095.00000000,29115.63000000,29094.62000000,29094.73000000,105.73459000,1683175499999,3077458.62723840,1827,48.08121000,1399312.96131690,0
1683175500000,29094.73000000,29097.23000000,29077.00000000,29080.00000000,48.41436000,1683175679999,1408292.69745880,1299,21.03866000,611925.33866810,0
1683175680000,29080.00000000,29080.00000000,29064.31000000,29074.96000000,43.35721000,1683175859999,1260434.60165080,1247,21.73331000,631756.79523860,0
1683175860000,29074.96000000,29122.19000000,29074.96000000,29110.00000000,67.97787000,1683176039999,1977929.62233880,1879,39.44355000,1147500.01775540,0
1683176040000,29110.00000000,29122.03000000,29110.00000000,29119.64000000,29.67082000,1683176219999,863890.96725370,963,21.55006000,627437.10539190,0
1683176220000,29119.63000000,29119.64000000,29102.32000000,29102.33000000,25.78215000,1683176399999,750604.83898870,1020,9.17740000,267199.23319390,0
1683176400000,29102.32000000,29117.73000000,29097.49000000,29097.49000000,53.17578000,1683176579999,1547808.36928070,1533,25.39014000,739046.76737740,0
1683176580000,29097.49000000,29097.50000000,29087.98000000,29087.98000000,46.40950000,1683176759999,1350235.61503690,1290,12.65807000,368257.79206700,0
1683176760000,29087.98000000,29087.99000000,29071.29000000,29071.29000000,55.35847000,1683176939999,1609795.85418340,1478,24.17248000,702878.74130050,0
1683176940000,29071.29000000,29110.27000000,29057.82000000,29110.27000000,78.28155000,1683177119999,2276224.15066310,1791,31.81246000,925140.32528820,0
1683177120000,29110.26000000,29120.00000000,29105.68000000,29120.00000000,43.40774000,1683177299999,1263816.99443540,1350,30.56538000,889917.72580040,0
1683177300000,29120.00000000,29124.57000000,29101.52000000,29102.46000000,83.93728000,1683177479999,2443891.66872230,1425,44.98585000,1309795.55188570,0
1683177480000,29102.45000000,29102.46000000,29090.08000000,29093.82000000,26.18313000,1683177659999,761772.76847620,883,9.31302000,270947.68710600,0
1683177660000,29093.83000000,29114.97000000,29086.98000000,29114.96000000,45.63240000,1683177839999,1327947.18900480,1441,24.87855000,724006.12501890,0
1683177840000,29114.96000000,29114.97000000,29101.11000000,29104.70000000,34.58075000,1683178019999,1006496.38816100,964,13.18468000,383728.45441330,0
1683178020000,29104.70000000,29116.86000000,29104.67000000,29116.86000000,34.98190000,1683178199999,1018368.51638560,913,19.19309000,558731.11330450,0
1683178200000,29116.85000000,29175.20000000,29115.66000000,29175.20000000,155.45806000,1683178379999,4531444.66461330,3524,90.89930000,2649401.21395870,0
1683178380000,29175.19000000,29215.90000000,29144.80000000,29173.52000000,412.70200000,1683178559999,12047082.38112370,5217,293.95666000,8581581.07680810,0
1683178560000,29173.51000000,29175.78000000,29128.63000000,29128.64000000,94.73201000,1683178739999,2762118.66400420,1729,37.99936000,1108079.19356090,0
1683178740000,29128.64000000,29173.79000000,29120.29000000,29169.91000000,109.71240000,1683178919999,3197509.54808100,2291,54.40246000,1585623.09877310,0
1683178920000,29169.92000000,29169.92000000,29148.96000000,29148.96000000,82.98263000,1683179099999,2419452.90879130,1563,32.14346000,937112.43762420,0
1683179100000,29148.97000000,29159.80000000,29140.00000000,29159.79000000,74.07546000,1683179279999,2159140.07942750,1630,40.92003000,1192753.18005310,0
1683179280000,29159.80000000,29197.85000000,29159.79000000,29193.49000000,97.84493000,1683179459999,2855495.03638780,1932,57.53182000,1678936.80412170,0
1683179460000,29193.49000000,29208.75000000,29175.50000000,29178.32000000,114.81492000,1683179639999,3352052.50590650,2021,56.08902000,1637461.99061250,0
1683179640000,29178.32000000,29211.19000000,29178.20000000,29194.84000000,61.17537000,1683179819999,1786118.95615940,1671,35.23134000,1028614.33663020,0
1683179820000,29194.84000000,29203.91000000,29178.02000000,29203.90000000,45.45561000,1683179999999,1326837.87828220,1559,23.40323000,683186.46365030,0
1683180000000,29203.90000000,29237.73000000,29165.19000000,29165.48000000,132.40365000,1683180179999,3866831.01636580,3640,58.50101000,1708496.03102490,0
1683180180000,29165.47000000,29170.62000000,29156.62000000,29157.69000000,79.55093000,1683180359999,2319875.19501200,1885,41.97036000,1223914.58219670,0
1683180360000,29157.69000000,29169.50000000,29155.22000000,29165.01000000,40.56229000,1683180539999,1182822.27439610,1321,18.65864000,544094.79378750,0
1683180540000,29165.01000000,29165.01000000,29147.73000000,29147.74000000,46.29343000,1683180719999,1349740.87819980,1143,17.71226000,516370.44885170,0
1683180720000,29147.73000000,29147.74000000,29137.66000000,29139.94000000,53.30324000,1683180899999,1553292.83438530,1251,19.85153000,578477.53877910,0
1683180900000,29139.93000000,29152.63000000,29139.93000000,29146.42000000,46.98875000,1683181079999,1369567.67537680,1651,18.08789000,527187.78579540,0
1683181080000,29146.43000000,29146.43000000,29120.00000000,29126.90000000,49.24797000,1683181259999,1434775.69784290,1689,17.09325000,497989.32131180,0
1683181260000,29126.90000000,29126.91000000,29098.23000000,29100.00000000,274.27978000,1683181439999,7982956.46395650,3100,158.27609000,4606114.00010700,0
1683181440000,29100.00000000,29118.61000000,29099.99000000,29108.48000000,94.49688000,1683181619999,2750486.85029890,1955,45.13423000,1313672.24565180,0
1683181620000,29108.47000000,29123.56000000,29108.47000000,29121.12000000,50.58202000,1683181799999,1472924.64333970,1446,27.81739000,810007.88357110,0
1683181800000,29121.13000000,29127.33000000,29096.15000000,29103.28000000,71.01469000,1683181979999,2067274.17044520,1603,18.48953000,538266.37107710,0
1683181980000,29103.28000000,29113.97000000,29090.56000000,29113.97000000,57.83365000,1683182159999,1683083.96711970,1441,31.16742000,907032.16847680,0
1683182160000,29113.97000000,29146.33000000,29113.96000000,29141.02000000,63.63852000,1683182339999,1853887.11668370,1462,46.09787000,1342901.51540330,0
1683182340000,29141.01000000,29153.36000000,29116.68000000,29128.83000000,59.91126000,1683182519999,1745582.44014430,1550,32.57636000,949125.61638280,0
1683182520000,29128.83000000,29138.02000000,29128.83000000,29132.24000000,54.03680000,1683182699999,1574311.82748020,1316,19.95197000,581264.69300050,0
1683182700000,29132.24000000,29142.69000000,29132.23000000,29142.69000000,38.69210000,1683182879999,1127380.18383160,1185,17.04351000,496612.87952870,0
1683182880000,29142.68000000,29160.65000000,29142.68000000,29160.64000000,51.93052000,1683183059999,1514020.46793800,1451,33.48744000,976294.72197240,0
1683183060000,29160.64000000,29175.20000000,29160.64000000,29165.18000000,41.04829000,1683183239999,1197364.04225540,1338,23.86496000,696116.83612090,0
1683183240000,29165.17000000,29178.37000000,29145.72000000,29178.37000000,31.77596000,1683183419999,926592.86486600,1589,20.00565000,583380.39826890,0
1683183420000,29178.36000000,29181.17000000,29141.99000000,29166.72000000,103.06006000,1683183599999,3005455.87911370,2443,62.39422000,1819351.37226620,0
1683183600000,29166.72000000,29174.64000000,29151.42000000,29169.98000000,69.99839000,1683183779999,2041469.76772970,1726,37.92553000,1106048.00970540,0
1683183780000,29169.98000000,29175.79000000,29159.53000000,29175.78000000,41.46906000,1683183959999,1209548.26741480,1250,26.75307000,780325.94719960,0
1683183960000,29175.78000000,29177.46000000,29163.48000000,29175.00000000,61.87866000,1683184139999,1805203.35301170,1495,27.34347000,797672.53845410,0
1683184140000,29175.01000000,29177.36000000,29130.10000000,29130.11000000,70.80078000,1683184319999,2064601.71253880,1358,16.67970000,486230.47747690,0
1683184320000,29130.10000000,29144.30000000,29116.94000000,29119.07000000,91.94961000,1683184499999,2678309.04658580,2150,55.84647000,1626603.36094770,0
1683184500000,29119.07000000,29127.16000000,29118.00000000,29127.15000000,40.40194000,1683184679999,1176506.14698720,1149,25.23717000,734905.98348870,0
1683184680000,29127.16000000,29130.13000000,29111.90000000,29111.91000000,28.77709000,1683184859999,838066.52198850,1036,5.23570000,152492.05495290,0
1683184860000,29111.91000000,29111.91000000,29082.02000000,29090.53000000,94.04836000,1683185039999,2736245.40994840,2092,37.68478000,1096241.54177690,0
1683185040000,29090.53000000,29096.51000000,29082.13000000,29090.11000000,53.71863000,1683185219999,1562578.84077500,1477,16.36958000,476195.51234930,0
1683185220000,29090.10000000,29096.02000000,29082.89000000,29096.01000000,29.78967000,1683185399999,866493.75337020,1084,15.18415000,441667.89708250,0
1683185400000,29096.02000000,29096.02000000,29065.97000000,29065.97000000,96.87745000,1683185579999,2817176.67128280,2617,21.26222000,618228.42359980,0
1683185580000,29065.97000000,29082.62000000,29052.52000000,29082.61000000,152.50301000,1683185759999,4432909.06119730,3142,90.33975000,2625890.62615760,0
1683185760000,29082.60000000,29116.15000000,29059.96000000,29071.35000000,221.63936000,1683185939999,6446943.87683680,2908,137.10786000,3988385.68607260,0
1683185940000,29071.34000000,29080.02000000,29066.87000000,29066.88000000,60.98978000,1683186119999,1773239.86379110,1944,32.35604000,940723.33495650,0
1683186120000,29066.87000000,29078.35000000,29057.89000000,29074.17000000,74.59407000,1683186299999,2168309.12518980,1978,38.81196000,1128142.80596360,0
1683186300000,29074.17000000,29085.97000000,29061.84000000,29061.84000000,53.37641000,1683186479999,1552095.45921670,1583,23.97482000,697184.05626620,0
1683186480000,29061.84000000,29069.03000000,29043.47000000,29054.23000000,81.08906000,1683186659999,2356048.59473200,2409,38.03303000,1105043.13412780,0
1683186660000,29054.23000000,29057.38000000,29038.31000000,29055.59000000,69.58211000,1683186839999,2021186.74101780,1757,42.76354000,1242167.14968670,0
1683186840000,29055.58000000,29077.79000000,29055.58000000,29071.65000000,55.28614000,1683187019999,1607016.56564100,1534,29.23548000,849753.33099820,0
1683187020000,29071.65000000,29079.48000000,29058.19000000,29058.19000000,44.08446000,1683187199999,1281462.98482340,1423,17.82847000,518261.76779450,0
1683187200000,29058.20000000,29070.89000000,29058.19000000,29070.89000000,59.40547000,1683187379999,1726560.68759740,1681,24.38400000,708660.69341970,0
1683187380000,29070.88000000,29070.89000000,29064.67000000,29064.67000000,38.97206000,1683187559999,1132825.78767660,1329,14.85737000,431863.47654060,0
1683187560000,29064.67000000,29080.42000000,29064.67000000,29080.42000000,34.79391000,1683187739999,1011539.22303540,1183,25.44537000,739736.15295090,0
1683187740000,29080.42000000,29080.42000000,29040.84000000,29044.47000000,49.56916000,1683187919999,1440811.11784230,1510,11.56409000,336000.83728640,0
1683187920000,29044.46000000,29055.30000000,28990.01000000,28994.65000000,195.98040000,1683188099999,5686338.69589740,5074,61.91185000,1796209.22165040,0
1683188100000,28994.65000000,29033.17000000,28982.58000000,29033.16000000,86.24362000,1683188279999,2501355.52663670,2374,44.74233000,1297779.99768520,0
1683188280000,29033.17000000,29062.38000000,29029.65000000,29053.39000000,61.71306000,1683188459999,1792265.91350210,1616,36.25883000,1052978.18940900,0
1683188460000,29053.39000000,29057.96000000,29044.25000000,29044.25000000,46.61900000,1683188639999,1354367.46536220,1470,22.94853000,666693.54164070,0
1683188640000,29044.25000000,29059.08000000,29044.25000000,29058.70000000,46.96848000,1683188819999,1364520.40421840,1247,24.91630000,723827.08993600,0
1683188820000,29058.71000000,29082.71000000,29056.25000000,29080.62000000,57.21478000,1683188999999,1662936.48504050,1806,38.50389000,1119114.39203780,0
1683189000000,29080.61000000,29082.71000000,29059.73000000,29061.58000000,50.87963000,1683189179999,1479012.02604680,1676,19.85607000,577165.95765370,0
1683189180000,29061.57000000,29110.45000000,29059.67000000,29102.09000000,98.91859000,1683189359999,2877552.89683920,2081,76.17606000,2215856.75069790,0
1683189360000,29102.10000000,29102.41000000,29074.36000000,29076.17000000,46.43154000,1683189539999,1350840.72826650,1300,18.39378000,535077.28126660,0
1683189540000,29076.17000000,29076.18000000,29053.74000000,29054.30000000,36.49388000,1683189719999,1060778.75381380,1392,9.57806000,278431.55604200,0
1683189720000,29054.30000000,29061.72000000,29032.07000000,29060.06000000,59.14565000,1683189899999,1718150.57085780,1841,21.26806000,617774.14881940,0
1683189900000,29060.07000000,29078.22000000,29058.24000000,29078.22000000,61.07697000,1683190079999,1775301.10652170,1420,31.02548000,901795.42783740,0
1683190080000,29078.21000000,29078.22000000,29073.02000000,29076.80000000,34.87051000,1683190259999,1013890.84397940,907,16.46053000,478594.00780180,0
1683190260000,29076.80000000,29085.62000000,29074.46000000,29085.61000000,24.35758000,1683190439999,708276.44172880,894,11.98008000,348376.92983750,0
1683190440000,29085.61000000,29092.90000000,29077.75000000,29092.89000000,23.68342000,1683190619999,688750.78977870,1167,13.49757000,392532.07883770,0
1683190620000,29092.90000000,29094.02000000,29085.76000000,29089.26000000,25.00282000,1683190799999,727334.31978500,813,11.32183000,329350.88455650,0
1683190800000,29089.26000000,29109.65000000,29089.25000000,29094.05000000,56.25348000,1683190979999,1637116.35834740,1529,24.36394000,709016.69140760,0
1683190980000,29094.05000000,29094.05000000,29078.16000000,29078.17000000,34.07305000,1683191159999,991006.64313350,931,10.40858000,302714.97808360,0
1683191160000,29078.17000000,29092.92000000,29075.27000000,29092.91000000,45.64690000,1683191339999,1327416.92978350,1116,25.85152000,751767.84915090,0
1683191340000,29092.92000000,29098.79000000,29090.38000000,29090.38000000,36.02593000,1683191519999,1048147.34193440,1164,18.84908000,548390.62428670,0
1683191520000,29090.38000000,29090.39000000,29077.47000000,29078.83000000,29.11544000,1683191699999,846777.23244160,839,11.61107000,337680.65864160,0
1683191700000,29078.83000000,29080.76000000,29055.65000000,29066.61000000,70.85285000,1683191879999,2059613.65910950,1588,36.44617000,1059417.30895000,0
1683191880000,29066.61000000,29078.72000000,29038.55000000,29050.89000000,110.52091000,1683192059999,3211630.92788110,1992,50.75017000,1474717.24508280,0
1683192060000,29050.90000000,29052.26000000,29040.66000000,29045.04000000,37.83733000,1683192239999,1099015.74948320,1036,14.91543000,433204.95270970,0
1683192240000,29045.03000000,29055.37000000,29045.03000000,29053.98000000,48.53769000,1683192419999,1410087.75929480,1301,23.28840000,676537.95140520,0
1683192420000,29053.99000000,29053.99000000,29046.47000000,29051.72000000,27.17369000,1683192599999,789388.32682750,958,8.05679000,234045.32593820,0
1683192600000,29051.72000000,29062.54000000,29051.71000000,29061.48000000,40.59787000,1683192779999,1179782.74590420,1081,17.14186000,498106.63003720,0
1683192780000,29061.49000000,29074.29000000,29035.26000000,29074.28000000,70.40744000,1683192959999,2045552.20925400,1616,26.16586000,760279.92500360,0
1683192960000,29074.29000000,29081.74000000,29052.01000000,29072.65000000,61.46542000,1683193139999,1786668.93087530,1487,25.30695000,735527.45125070,0
1683193140000,29072.65000000,29072.65000000,29055.18000000,29062.78000000,39.39376000,1683193319999,1144839.59921530,1130,14.39098000,418166.97819770,0
1683193320000,29062.78000000,29062.79000000,29046.07000000,29047.93000000,44.13455000,1683193499999,1282383.98730990,1198,14.53100000,422173.90408360,0
1683193500000,29047.94000000,29060.00000000,29046.09000000,29046.09000000,27.94667000,1683193679999,811936.37720950,1026,8.13725000,236408.18344300,0
1683193680000,29046.09000000,29069.87000000,29046.09000000,29069.87000000,26.18990000,1683193859999,761115.40884170,1025,17.68404000,513900.77332940,0
1683193860000,29069.86000000,29081.78000000,29069.86000000,29074.87000000,61.28606000,1683194039999,1782124.66183820,1124,34.87350000,1014074.55018490,0
1683194040000,29074.86000000,29082.47000000,29074.04000000,29082.46000000,45.01126000,1683194219999,1308752.78950550,943,22.20680000,645697.71140050,0
1683194220000,29082.46000000,29089.09000000,29082.46000000,29088.97000000,24.33404000,1683194399999,707796.36927680,922,13.78977000,401095.35985110,0
1683194400000,29088.98000000,29096.38000000,29083.15000000,29093.11000000,56.09717000,1683194579999,1631878.25906390,1472,26.42827000,768797.09594890,0
1683194580000,29093.11000000,29093.12000000,29070.88000000,29070.88000000,34.86476000,1683194759999,1013889.91718470,1181,5.71637000,166233.90694140,0
1683194760000,29070.89000000,29076.63000000,29065.23000000,29068.39000000,46.83232000,1683194939999,1361454.92194730,1450,24.37863000,708672.59006930,0
1683194940000,29068.38000000,29079.98000000,29068.23000000,29078.95000000,37.84951000,1683195119999,1100443.58449060,1233,16.64230000,483852.68644720,0
1683195120000,29078.94000000,29092.00000000,29074.04000000,29091.99000000,30.23571000,1683195299999,879260.19362450,1068,22.86679000,664983.39337680,0
1683195300000,29092.00000000,29093.47000000,29081.49000000,29088.14000000,54.06892000,1683195479999,1572780.08318140,1202,19.73248000,573962.56727490,0
1683195480000,29088.15000000,29102.39000000,29076.18000000,29077.41000000,56.81384000,1683195659999,1652827.77440340,1718,29.72502000,864750.17164850,0
1683195660000,29077.42000000,29159.95000000,29077.41000000,29117.30000000,153.40042000,1683195839999,4468766.70243690,3921,105.73312000,3079883.81308170,0
1683195840000,29117.30000000,29193.80000000,29117.30000000,29182.36000000,219.37960000,1683196019999,6398654.86991270,4274,148.14406000,4320605.94470580,0
1683196020000,29182.36000000,29182.92000000,29151.26000000,29162.96000000,72.51824000,1683196199999,2115219.54427220,2088,26.72981000,779564.31456120,0
1683196200000,29162.97000000,29200.00000000,29161.84000000,29161.85000000,131.29562000,1683196379999,3832090.53906620,2652,65.10345000,1900151.19321210,0
1683196380000,29161.85000000,29377.00000000,29161.84000000,29360.02000000,720.63069000,1683196559999,21104136.24706500,14111,477.87244000,13993520.23168100,0
1683196560000,29360.01000000,29379.83000000,29317.20000000,29343.45000000,405.38069000,1683196739999,11896400.34087850,6783,217.82702000,6392247.48479920,0
1683196740000,29343.44000000,29346.03000000,29267.27000000,29299.07000000,197.83520000,1683196919999,5797891.09715150,4539,85.26517000,2498577.81826700,0
1683196920000,29299.07000000,29299.07000000,29273.00000000,29275.97000000,89.84293000,1683197099999,2630938.46477900,1971,33.38715000,977669.65247020,0
1683197100000,29275.96000000,29313.18000000,29223.07000000,29230.53000000,234.07989000,1683197279999,6851104.33756740,4486,85.87385000,2513581.03511300,0
1683197280000,29230.53000000,29248.68000000,29200.55000000,29216.29000000,140.27555000,1683197459999,4099207.83581440,3290,53.25727000,1556138.28471970,0
1683197460000,29216.28000000,29233.99000000,29183.80000000,29227.39000000,180.19884000,1683197639999,5262610.33217130,3242,83.04108000,2425496.87142750,0
1683197640000,29227.39000000,29292.67000000,29227.39000000,29284.79000000,122.92350000,1683197819999,3596620.97756310,2695,61.87978000,1810461.60411470,0
1683197820000,29284.78000000,29299.00000000,29234.39000000,29243.62000000,179.16615000,1683197999999,5245256.96571650,3301,92.41603000,2705606.32886460,0
1683198000000,29243.62000000,29248.72000000,29210.01000000,29212.04000000,113.18950000,1683198179999,3308252.75837600,2130,35.20263000,1028743.68492960,0
1683198180000,29212.05000000,29228.43000000,29199.02000000,29226.11000000,84.10685000,1683198359999,2456736.84371820,1999,39.25083000,1146486.36233440,0
1683198360000,29226.10000000,29241.82000000,29213.46000000,29233.85000000,88.12380000,1683198539999,2575616.90452540,1985,44.56106000,1302329.65549980,0
1683198540000,29233.84000000,29239.63000000,29224.12000000,29239.57000000,59.02453000,1683198719999,1725459.16266560,1553,25.57814000,747724.12259300,0
1683198720000,29239.58000000,29264.48000000,29239.57000000,29264.48000000,66.44708000,1683198899999,1943403.64963770,1805,28.82725000,843144.28292110,0
1683198900000,29264.47000000,29264.48000000,29218.29000000,29218.29000000,73.53330000,1683199079999,2150828.32126460,1823,21.23228000,621087.02464420,0
1683199080000,29218.29000000,29218.30000000,29201.39000000,29203.11000000,49.01240000,1683199259999,1431681.41814310,1471,17.04414000,497847.14167660,0
1683199260000,29203.10000000,29203.11000000,29181.83000000,29199.67000000,90.29176000,1683199439999,2635957.06999300,2280,30.19199000,881338.87761830,0
1683199440000,29199.66000000,29215.45000000,29180.54000000,29185.47000000,70.41246000,1683199619999,2055859.94322500,1862,29.52870000,862124.47822470,0
1683199620000,29185.48000000,29200.00000000,29185.40000000,29185.41000000,53.29320000,1683199799999,1555799.59252460,1611,16.91737000,493862.71954300,0
1683199800000,29185.40000000,29194.37000000,29170.80000000,29187.52000000,83.69010000,1683199979999,2442269.50832990,1790,27.25611000,795417.82774330,0
1683199980000,29187.52000000,29209.09000000,29187.52000000,29204.29000000,69.42045000,1683200159999,2027022.79976460,1626,40.74325000,1189582.42813200,0
1683200160000,29204.28000000,29204.29000000,29181.85000000,29182.80000000,49.03395000,1683200339999,1431434.48149900,1388,15.79727000,461123.71777940,0
1683200340000,29182.80000000,29184.21000000,29128.66000000,29147.22000000,186.68119000,1683200519999,5442763.14816810,3719,74.65074000,2176435.12781220,0
1683200520000,29147.22000000,29161.54000000,29144.04000000,29161.53000000,71.73623000,1683200699999,2091364.06262430,1561,37.85818000,1103693.22483090,0
1683200700000,29161.53000000,29185.47000000,29160.32000000,29181.83000000,37.07368000,1683200879999,1081723.78264240,1311,17.41678000,508185.50195970,0
1683200880000,29181.82000000,29192.58000000,29156.34000000,29156.34000000,49.24129000,1683201059999,1436645.15591460,1551,16.13621000,470707.96943430,0
1683201060000,29156.35000000,29156.35000000,29111.06000000,29127.00000000,164.52782000,1683201239999,4793183.76760370,3049,49.98795000,1456109.51030890,0
1683201240000,29127.00000000,29162.65000000,29126.99000000,29158.61000000,60.66853000,1683201419999,1768376.33829800,1753,30.10032000,877299.59204140,0
1683201420000,29158.62000000,29160.18000000,29154.65000000,29154.66000000,43.84068000,1683201599999,1278250.79543000,949,19.28073000,562154.54012930,0
1683201600000,29154.65000000,29167.09000000,29144.71000000,29164.03000000,113.95753000,1683201779999,3322422.70716780,1923,52.11668000,1519524.93408860,0
1683201780000,29164.02000000,29183.18000000,29164.02000000,29168.21000000,76.21651000,1683201959999,2223611.17365620,1713,43.92878000,1281562.88063500,0
1683201960000,29168.22000000,29168.22000000,29152.46000000,29160.18000000,52.32838000,1683202139999,1525884.25820260,1381,23.76680000,693008.47079600,0
1683202140000,29160.18000000,29167.47000000,29142.42000000,29142.43000000,70.68432000,1683202319999,2060896.57818380,1273,27.57900000,804104.90023380,0
1683202320000,29142.43000000,29165.39000000,29128.75000000,29161.30000000,133.85899000,1683202499999,3901076.49615670,2052,56.50896000,1646816.36709520,0
1683202500000,29161.29000000,29171.14000000,29097.01000000,29108.39000000,166.19496000,1683202679999,4842116.15128780,3313,41.84956000,1219690.68467730,0
1683202680000,29108.39000000,29183.28000000,29108.38000000,29176.27000000,212.80739000,1683202859999,6204699.33226060,3046,145.94353000,4255104.53974560,0
1683202860000,29176.27000000,29189.73000000,29174.34000000,29181.97000000,101.60462000,1683203039999,2965160.24919530,2053,43.86566000,1280095.21434400,0
1683203040000,29181.97000000,29207.17000000,29181.97000000,29192.88000000,121.65534000,1683203219999,3552178.84738810,2527,62.38303000,1821346.27553690,0
1683203220000,29192.89000000,29199.99000000,29186.14000000,29189.69000000,61.92138000,1683203399999,1807636.40060620,1779,30.08755000,878296.11340180,0
1683203400000,29189.70000000,29232.87000000,29156.46000000,29160.04000000,187.99911000,1683203579999,5487512.23532950,3787,71.91669000,2099195.77421370,0
1683203580000,29160.04000000,29167.71000000,29099.01000000,29110.28000000,211.36689000,1683203759999,6157250.93381420,3866,83.09191000,2420461.05289100,0
1683203760000,29110.28000000,29116.83000000,29072.74000000,29101.08000000,200.49971000,1683203939999,5834588.12767370,3948,97.46201000,2836110.25664280,0
1683203940000,29101.09000000,29101.09000000,29012.17000000,29027.61000000,300.47284000,1683204119999,8730344.13143640,5999,91.81331000,2667728.31112620,0
1683204120000,29027.61000000,29057.46000000,29016.70000000,29056.95000000,141.21624000,1683204299999,4101365.39228170,3025,70.51937000,2048051.04321070,0
1683204300000,29056.94000000,29061.45000000,29006.86000000,29045.22000000,167.84033000,1683204479999,4873740.04574820,2931,60.59523000,1759627.08209660,0
1683204480000,29045.23000000,29054.24000000,28982.91000000,29049.23000000,278.86510000,1683204659999,8092227.47043290,5292,115.86891000,3362219.75531740,0
1683204660000,29049.22000000,29077.56000000,29040.00000000,29077.11000000,82.39833000,1683204839999,2394659.35775730,2397,43.49383000,1264069.05973110,0
1683204840000,29077.12000000,29091.68000000,29069.27000000,29070.64000000,97.58051000,1683205019999,2837438.22736780,1813,46.23654000,1344415.20506750,0
1683205020000,29070.63000000,29070.64000000,29038.02000000,29054.84000000,50.62378000,1683205199999,1470584.12732420,1515,21.38832000,621281.80924820,0
1683205200000,29054.85000000,29074.40000000,29054.84000000,29074.36000000,62.81033000,1683205379999,1825831.72576190,1533,32.18492000,935565.24655620,0
1683205380000,29074.37000000,29086.30000000,29074.36000000,29085.14000000,73.58619000,1683205559999,2140003.04858560,1452,39.69012000,1154269.21646330,0
1683205560000,29085.14000000,29086.33000000,29074.46000000,29078.65000000,41.26163000,1683205739999,1199977.80428950,1209,13.90387000,404347.94889100,0
1683205740000,29078.65000000,29085.93000000,29068.48000000,29068.49000000,58.74801000,1683205919999,1708305.35181600,1531,17.61167000,512134.68198560,0
1683205920000,29068.48000000,29068.49000000,29049.02000000,29066.79000000,45.47907000,1683206099999,1321627.51284400,1707,17.11374000,497320.47078630,0
1683206100000,29066.79000000,29070.00000000,29037.16000000,29038.20000000,77.43688000,1683206279999,2249881.52370510,2039,24.30863000,706226.46815850,0
1683206280000,29038.20000000,29038.21000000,28760.25000000,28916.98000000,1287.97598000,1683206459999,37210299.89205090,19684,654.51698000,18904491.84608570,0
1683206460000,28916.98000000,28948.31000000,28890.69000000,28923.72000000,308.84789000,1683206639999,8931429.06496790,5164,139.24809000,4026458.63266400,0
1683206640000,28923.72000000,28940.13000000,28873.75000000,28927.35000000,375.97960000,1683206819999,10868859.64492210,4852,234.02439000,6764102.53013150,0
1683206820000,28927.35000000,28927.36000000,28849.84000000,28881.08000000,309.29096000,1683206999999,8931176.67301080,5155,146.13774000,4219070.59485360,0
1683207000000,28881.09000000,28891.83000000,28843.91000000,28881.65000000,208.68270000,1683207179999,6025347.29322330,4584,97.80880000,2823851.41987010,0
1683207180000,28881.64000000,28914.16000000,28844.93000000,28858.74000000,249.31765000,1683207359999,7198704.19040710,4446,119.90507000,3462189.20608900,0
1683207360000,28858.75000000,28858.94000000,28745.20000000,28768.93000000,564.74082000,1683207539999,16266237.45469830,8232,264.09611000,7605443.94259620,0
1683207540000,28768.94000000,28774.29000000,28663.64000000,28726.65000000,966.38089000,1683207719999,27742268.47166350,13874,424.60822000,12189350.77194060,0
1683207720000,28726.65000000,28755.73000000,28666.03000000,28703.36000000,440.86857000,1683207899999,12659574.34534630,6069,181.72447000,5218293.98193150,0
1683207900000,28703.35000000,28778.20000000,28678.87000000,28778.20000000,210.65845000,1683208079999,6053268.79026060,4643,125.41869000,3604457.40666560,0
1683208080000,28778.19000000,28842.95000000,28763.11000000,28794.07000000,323.38644000,1683208259999,9313283.15520990,5636,190.52568000,5486719.94647850,0
1683208260000,28794.08000000,28803.82000000,28781.93000000,28798.19000000,200.49931000,1683208439999,5773205.43121170,3727,103.73794000,2986995.12863140,0
1683208440000,28798.18000000,28821.38000000,28778.87000000,28796.09000000,123.06782000,1683208619999,3544029.35039260,3012,54.16696000,1559827.16106370,0
1683208620000,28796.10000000,28799.23000000,28755.02000000,28761.51000000,140.55804000,1683208799999,4043756.73799120,3116,53.21404000,1530752.26396520,0
1683208800000,28761.52000000,28819.18000000,28748.09000000,28811.25000000,153.62140000,1683208979999,4421847.68438390,3186,95.95148000,2761902.00924090,0
1683208980000,28811.24000000,28823.89000000,28756.14000000,28756.15000000,190.81885000,1683209159999,5496795.28649530,3063,76.01965000,2190038.17530120,0
1683209160000,28756.15000000,28785.02000000,28736.33000000,28751.98000000,206.56742000,1683209339999,5939859.94267460,3304,95.08093000,2733842.81332120,0
1683209340000,28751.97000000,28794.78000000,28741.09000000,28751.49000000,113.69638000,1683209519999,3269971.47295980,2794,36.90722000,1061435.38430810,0
1683209520000,28751.48000000,28796.70000000,28751.48000000,28785.50000000,74.88849000,1683209699999,2155292.85377150,2183,37.36847000,1075335.62540110,0
1683209700000,28785.50000000,28799.72000000,28738.35000000,28765.28000000,207.14617000,1683209879999,5958751.69964490,3702,82.25370000,2365874.26566970,0
1683209880000,28765.29000000,28859.25000000,28765.28000000,28840.61000000,226.01782000,1683210059999,6516131.05634830,4687,122.66496000,3536268.39369280,0
1683210060000,28840.62000000,28854.29000000,28804.84000000,28843.38000000,173.80235000,1683210239999,5011381.43481790,2796,101.88102000,2937723.73128440,0
1683210240000,28843.38000000,28861.54000000,28840.00000000,28861.53000000,94.08840000,1683210419999,2714581.97557180,2229,45.27806000,1306306.77366740,0
1683210420000,28861.54000000,28891.19000000,28860.00000000,28860.01000000,168.94668000,1683210599999,4878291.15981210,3651,77.32618000,2232696.23134670,0
1683210600000,28860.00000000,28866.95000000,28825.05000000,28858.10000000,164.23391000,1683210779999,4737572.89525920,3000,99.28617000,2864140.82401100,0
1683210780000,28858.09000000,28892.43000000,28854.96000000,28888.38000000,91.60178000,1683210959999,2644762.65190650,2368,56.45362000,1629927.72545460,0
1683210960000,28888.39000000,28906.18000000,28870.54000000,28889.42000000,151.41992000,1683211139999,4373632.65067470,2975,76.21574000,2201420.65465250,0
1683211140000,28889.43000000,28900.00000000,28868.39000000,28868.40000000,125.24510000,1683211319999,3617722.74687270,2273,46.52106000,1343781.22529470,0
1683211320000,28868.40000000,28892.26000000,28863.03000000,28865.30000000,99.20368000,1683211499999,2864875.83334780,2166,44.39382000,1281990.39205080,0
1683211500000,28865.31000000,28938.54000000,28829.19000000,28846.75000000,255.75560000,1683211679999,7386009.90610140,4837,128.75185000,3717660.99832860,0
1683211680000,28846.76000000,28853.92000000,28803.61000000,28813.34000000,115.00387000,1683211859999,3314806.46673560,2373,40.18492000,1158081.41570370,0
1683211860000,28813.34000000,28849.98000000,28800.00000000,28806.40000000,111.68803000,1683212039999,3219016.55296380,2625,53.21940000,1533888.68505280,0
1683212040000,28806.40000000,28826.79000000,28802.18000000,28806.56000000,109.05965000,1683212219999,3142739.85144210,2048,54.96353000,1583866.98888050,0
1683212220000,28806.56000000,28806.56000000,28761.73000000,28783.65000000,228.77557000,1683212399999,6584591.88189660,4096,59.94063000,1725002.27374960,0
1683212400000,28783.66000000,28837.37000000,28774.58000000,28821.33000000,101.98902000,1683212579999,2939390.89776460,2487,55.82884000,1608912.57423670,0
1683212580000,28821.33000000,28847.63000000,28821.32000000,28847.63000000,107.12784000,1683212759999,3088472.56263860,2026,63.90613000,1842449.90836390,0
1683212760000,28847.63000000,28869.00000000,28836.67000000,28861.26000000,106.76975000,1683212939999,3080503.83980470,2019,64.88362000,1871957.60873570,0
1683212940000,28861.25000000,28894.71000000,28861.25000000,28894.59000000,163.57355000,1683213119999,4724547.85169580,2489,76.88514000,2220671.25404940,0
1683213120000,28894.59000000,28938.54000000,28882.55000000,28918.21000000,177.76753000,1683213299999,5139186.99435530,3379,97.70636000,2824453.95969220,0
1683213300000,28918.22000000,28918.22000000,28873.21000000,28875.67000000,136.69740000,1683213479999,3949718.12610420,2276,37.54984000,1084809.17132090,0
1683213480000,28875.67000000,28895.22000000,28856.99000000,28887.27000000,103.01737000,1683213659999,2974732.26303820,2006,67.69579000,1954886.05535680,0
1683213660000,28887.26000000,28943.66000000,28887.26000000,28929.32000000,179.77533000,1683213839999,5199746.61952180,3571,124.47015000,3599902.70253310,0
1683213840000,28929.32000000,28949.66000000,28917.51000000,28930.52000000,206.10431000,1683214019999,5962490.56879340,2908,133.43791000,3860413.51907800,0
1683214020000,28930.52000000,28930.53000000,28890.75000000,28894.53000000,116.08636000,1683214199999,3356424.86430740,2019,22.38110000,647115.72856800,0
1683214200000,28894.52000000,28896.07000000,28877.13000000,28877.14000000,84.66889000,1683214379999,2446077.29062690,1793,31.87711000,920962.04555390,0
1683214380000,28877.14000000,28891.00000000,28867.63000000,28877.50000000,40.79222000,1683214559999,1178157.44732030,1783,15.12972000,436956.96171140,0
1683214560000,28877.50000000,28882.52000000,28862.62000000,28862.63000000,70.14215000,1683214739999,2025416.85262460,2068,20.92925000,604331.63209590,0
1683214740000,28862.62000000,28869.78000000,28847.28000000,28869.78000000,53.78672000,1683214919999,1552258.03534710,1910,22.13826000,638890.82529320,0
1683214920000,28869.77000000,28880.76000000,28853.32000000,28853.32000000,37.65121000,1683215099999,1086979.86715350,1440,11.25906000,325058.44922130,0
1683215100000,28853.32000000,28872.36000000,28842.24000000,28872.08000000,75.29706000,1683215279999,2172976.55280640,2171,41.74010000,1204468.50149720,0
1683215280000,28872.09000000,28878.45000000,28860.45000000,28860.46000000,46.28044000,1683215459999,1336101.87001890,1254,19.68827000,568407.13195040,0
1683215460000,28860.45000000,28883.65000000,28858.39000000,28868.60000000,55.48320000,1683215639999,1601757.45754480,2080,30.80800000,889374.31578820,0
1683215640000,28868.61000000,28870.90000000,28863.74000000,28869.77000000,35.96887000,1683215819999,1038327.34962110,1521,14.94450000,431404.59151670,0
1683215820000,28869.78000000,28889.00000000,28866.19000000,28866.19000000,61.29149000,1683215999999,1769988.98791860,1651,30.13735000,870287.16761760,0
1683216000000,28866.20000000,28866.20000000,28820.83000000,28821.94000000,98.95290000,1683216179999,2853892.97063320,2632,29.63494000,854597.89267430,0
1683216180000,28821.93000000,28836.02000000,28795.01000000,28823.75000000,125.28189000,1683216359999,3610333.74461340,2476,39.78414000,1146549.34340280,0
1683216360000,28823.76000000,28846.28000000,28821.17000000,28846.27000000,53.51318000,1683216539999,1542752.54526650,1660,33.50539000,965954.91878980,0
1683216540000,28846.28000000,28896.86000000,28846.27000000,28891.40000000,56.49988000,1683216719999,1631884.54992340,2178,37.46011000,1081960.13012980,0
1683216720000,28891.39000000,28891.79000000,28847.44000000,28889.90000000,220.53114000,1683216899999,6367600.50326630,2561,68.65476000,1982148.15821460,0
1683216900000,28889.91000000,28935.16000000,28883.33000000,28935.16000000,141.79170000,1683217079999,4097919.25658350,2996,85.55371000,2472610.52861610,0
1683217080000,28935.15000000,28935.16000000,28915.50000000,28917.18000000,76.65313000,1683217259999,2217121.30753300,1857,33.53318000,969861.04135620,0
1683217260000,28917.17000000,28928.83000000,28909.99000000,28928.83000000,109.05501000,1683217439999,3153671.14607430,1839,59.66627000,1725369.05292910,0
1683217440000,28928.83000000,28972.92000000,28926.91000000,28963.84000000,162.33190000,1683217619999,4699559.13031640,3468,77.49641000,2243521.99599150,0
1683217620000,28963.83000000,28965.22000000,28941.79000000,28941.80000000,96.69508000,1683217799999,2799618.88959960,2016,50.10175000,1450586.32309670,0
1683217800000,28941.80000000,28949.72000000,28876.67000000,28879.85000000,151.07649000,1683217979999,4367675.36430120,3323,61.12573000,1767140.21663550,0
1683217980000,28879.85000000,28895.08000000,28879.85000000,28886.90000000,66.26799000,1683218159999,1914444.56628830,1779,38.97162000,1125845.33424490,0
1683218160000,28886.90000000,28889.90000000,28871.90000000,28889.89000000,57.50185000,1683218339999,1660612.56286300,1850,31.96844000,923197.84082010,0
1683218340000,28889.90000000,28932.47000000,28889.89000000,28922.96000000,99.08775000,1683218519999,2865423.10704170,2103,58.98249000,1705610.97549080,0
1683218520000,28922.96000000,28922.97000000,28894.31000000,28896.92000000,60.58250000,1683218699999,1751357.48587840,1665,21.12416000,610583.13011390,0
1683218700000,28896.92000000,28906.08000000,28886.31000000,28906.07000000,42.17224000,1683218879999,1218571.25170160,1413,21.04723000,608145.65001290,0
1683218880000,28906.08000000,28929.18000000,28901.57000000,28905.19000000,72.57352000,1683219059999,2098549.33682500,1630,22.09220000,638755.19722580,0
1683219060000,28905.19000000,28905.19000000,28850.00000000,28892.58000000,103.37405000,1683219239999,2984911.11013880,2671,38.88024000,1122342.04453970,0
1683219240000,28892.58000000,28910.63000000,28885.86000000,28908.91000000,47.83057000,1683219419999,1382093.09902680,1731,26.12065000,754757.20538020,0
1683219420000,28908.90000000,28926.85000000,28902.23000000,28924.82000000,49.32635000,1683219599999,1426387.58241850,1628,25.25017000,730122.49106140,0
1683219600000,28924.83000000,28924.83000000,28880.71000000,28915.46000000,66.79864000,1683219779999,1930524.68175960,2165,27.03827000,781320.92295960,0
1683219780000,28915.46000000,28915.46000000,28885.74000000,28889.01000000,53.12779000,1683219959999,1535361.16864360,1461,18.62602000,538170.96675780,0
1683219960000,28889.02000000,28920.04000000,28889.01000000,28917.61000000,52.81249000,1683220139999,1526791.17229890,1893,24.73346000,714950.07741590,0
1683220140000,28917.62000000,28925.00000000,28909.11000000,28914.91000000,42.52369000,1683220319999,1229736.09685560,1266,14.97347000,433004.66745990,0
1683220320000,28914.92000000,28914.92000000,28896.81000000,28896.81000000,56.08922000,1683220499999,1621345.33566550,1286,29.91865000,864799.70827840,0
1683220500000,28896.81000000,28929.19000000,28896.81000000,28929.18000000,49.73216000,1683220679999,1437715.03982560,1636,22.86094000,660897.01187690,0
1683220680000,28929.19000000,28957.64000000,28929.18000000,28947.35000000,68.05736000,1683220859999,1970092.83070410,2023,32.65666000,945258.31744770,0
1683220860000,28947.36000000,28954.71000000,28932.81000000,28949.01000000,55.35186000,1683221039999,1602152.52178830,1745,28.63119000,828687.24376790,0
1683221040000,28949.01000000,28949.01000000,28874.94000000,28881.72000000,99.50364000,1683221219999,2877163.81550740,2064,24.45527000,707004.20787570,0
1683221220000,28881.71000000,28892.51000000,28858.97000000,28868.63000000,65.36289000,1683221399999,1887344.05248860,2221,29.78548000,859997.82828370,0
1683221400000,28868.64000000,28886.51000000,28832.23000000,28832.24000000,112.24476000,1683221579999,3239254.12577330,2696,45.74206000,1319970.10711330,0
1683221580000,28832.23000000,28862.14000000,28817.92000000,28849.76000000,106.42176000,1683221759999,3069105.96412660,2591,54.42415000,1569461.89096210,0
1683221760000,28849.76000000,28866.79000000,28849.76000000,28853.71000000,49.95115000,1683221939999,1441522.98534350,1380,24.78881000,715350.86921230,0
1683221940000,28853.72000000,28868.98000000,28814.05000000,28853.55000000,72.56467000,1683222119999,2092840.83008810,2616,33.02422000,952396.08992810,0
1683222120000,28853.56000000,28868.38000000,28847.67000000,28849.65000000,32.18893000,1683222299999,928813.31582900,1219,9.93001000,286510.21462000,0
1683222300000,28849.65000000,28858.10000000,28817.74000000,28857.57000000,56.05283000,1683222479999,1616474.32012900,1966,31.55231000,909856.89457560,0
1683222480000,28857.58000000,28857.58000000,28792.92000000,28798.59000000,138.85677000,1683222659999,4000981.92566930,3145,58.50993000,1685530.40016920,0
1683222660000,28798.59000000,28846.76000000,28792.00000000,28843.92000000,78.11215000,1683222839999,2250668.86540690,2381,39.57277000,1140213.38399860,0
1683222840000,28843.92000000,28846.75000000,28826.34000000,28836.43000000,34.40762000,1683223019999,992152.40186900,1132,16.96285000,489092.19237080,0
1683223020000,28836.44000000,28842.29000000,28802.10000000,28842.29000000,72.12046000,1683223199999,2078602.37997500,1978,32.66624000,941468.89048100,0
1683223200000,28842.29000000,28842.29000000,28824.64000000,28838.66000000,73.14378000,1683223379999,2108986.19172510,1691,39.50525000,1139035.23531980,0
1683223380000,28838.66000000,28851.69000000,28838.65000000,28851.68000000,51.78092000,1683223559999,1493645.41102170,1413,30.63634000,883711.14461970,0
1683223560000,28851.69000000,28855.42000000,28824.32000000,28846.05000000,77.67621000,1683223739999,2240529.60500680,1875,34.51929000,995661.18359610,0
1683223740000,28846.06000000,28854.39000000,28828.42000000,28828.42000000,97.81444000,1683223919999,2821034.04983240,1997,53.91402000,1554865.60544640,0
1683223920000,28828.42000000,28845.02000000,28828.42000000,28844.46000000,35.23547000,1683224099999,1016178.93013940,1260,19.90822000,574103.32263690,0
1683224100000,28844.45000000,28847.37000000,28756.36000000,28771.04000000,173.87472000,1683224279999,5008630.54431240,3779,61.57609000,1773384.49229650,0
1683224280000,28771.03000000,28804.96000000,28766.08000000,28803.60000000,62.64006000,1683224459999,1803340.39664140,2056,33.32620000,959351.41830310,0
1683224460000,28803.59000000,28814.21000000,28687.48000000,28734.33000000,336.52647000,1683224639999,9669172.80277300,6116,116.48903000,3347123.08084860,0
1683224640000,28734.32000000,28751.09000000,28721.86000000,28736.76000000,124.88970000,1683224819999,3588895.57426090,2649,57.00685000,1638125.33683180,0
1683224820000,28736.75000000,28753.65000000,28701.23000000,28721.28000000,105.85934000,1683224999999,3041198.84561610,2474,44.65718000,1282745.16029670,0
1683225000000,28721.29000000,28724.40000000,28673.59000000,28722.54000000,198.56259000,1683225179999,5698342.61416510,4425,86.04571000,2469040.26484730,0
1683225180000,28722.54000000,28781.66000000,28717.44000000,28781.66000000,90.96078000,1683225359999,2615216.53697120,2343,52.29222000,1503694.51947150,0
1683225360000,28781.65000000,28801.83000000,28758.37000000,28759.25000000,138.55958000,1683225539999,3988151.07023940,2942,54.02519000,1555162.03811460,0
1683225540000,28759.25000000,28787.20000000,28753.74000000,28771.38000000,89.45507000,1683225719999,2573085.27681560,2369,51.05387000,1468406.56211980,0
1683225720000,28771.37000000,28771.88000000,28759.94000000,28763.21000000,42.77116000,1683225899999,1230343.33607380,1445,16.54282000,475843.52789710,0
1683225900000,28763.20000000,28798.10000000,28757.33000000,28762.94000000,78.08600000,1683226079999,2247071.27329870,2241,38.12596000,1097003.15112490,0
1683226080000,28762.93000000,28787.81000000,28761.40000000,28783.41000000,86.90169000,1683226259999,2500813.28561290,2192,52.76326000,1518243.26601110,0
1683226260000,28783.42000000,28801.78000000,28758.64000000,28798.33000000,64.28365000,1683226439999,1850044.23026290,1798,29.28697000,842921.92901000,0
1683226440000,28798.33000000,28806.18000000,28774.49000000,28797.56000000,67.32001000,1683226619999,1938442.11799460,1887,35.22436000,1014199.16266960,0
1683226620000,28797.56000000,28804.15000000,28794.86000000,28799.23000000,43.65463000,1683226799999,1257262.10986980,1278,17.96861000,517483.99482770,0
1683226800000,28799.23000000,28843.37000000,28784.20000000,28836.39000000,217.43965000,1683226979999,6264575.57289790,3494,139.64252000,4022695.33983360,0
1683226980000,28836.39000000,28843.50000000,28814.46000000,28818.43000000,82.82740000,1683227159999,2388167.56787920,2009,52.87941000,1524610.41689570,0
1683227160000,28818.43000000,28834.07000000,28800.00000000,28811.48000000,86.72775000,1683227339999,2499136.23713330,2107,33.95912000,978501.27235290,0
1683227340000,28811.48000000,28815.02000000,28798.73000000,28798.73000000,34.37034000,1683227519999,990135.45945150,1480,12.16900000,350567.40623960,0
1683227520000,28798.73000000,28798.74000000,28751.54000000,28764.77000000,84.58788000,1683227699999,2433758.27819320,2279,32.33407000,930067.39912940,0
1683227700000,28764.78000000,28764.78000000,28723.08000000,28757.84000000,76.10481000,1683227879999,2187405.15745980,2346,37.41227000,1075288.58021100,0
1683227880000,28757.84000000,28765.01000000,28740.86000000,28755.51000000,49.66265000,1683228059999,1427980.04597890,1728,19.23670000,553091.66417780,0
1683228060000,28755.52000000,28790.11000000,28755.37000000,28790.10000000,63.41493000,1683228239999,1824755.26900180,2008,44.24668000,1273162.67127850,0
1683228240000,28790.10000000,28819.93000000,28790.10000000,28812.97000000,51.03443000,1683228419999,1470290.61949030,1759,35.98493000,1036711.84912030,0
1683228420000,28812.97000000,28831.61000000,28805.26000000,28824.21000000,56.85137000,1683228599999,1638659.50203290,1912,37.60191000,1083795.17419140,0
1683228600000,28824.20000000,28866.00000000,28822.76000000,28860.96000000,53.72899000,1683228779999,1549645.10278330,2508,34.58075000,997323.94016550,0
1683228780000,28860.96000000,28895.00000000,28858.79000000,28894.52000000,114.35017000,1683228959999,3302739.51770260,3478,69.60368000,2010271.37694180,0
1683228960000,28894.51000000,28894.52000000,28847.67000000,28865.91000000,73.90962000,1683229139999,2134128.54255880,2459,38.77380000,1119438.79227060,0
1683229140000,28865.92000000,28880.00000000,28854.70000000,28863.40000000,72.69835000,1683229319999,2098659.67490420,1768,33.81358000,976039.55309910,0
1683229320000,28863.41000000,28869.66000000,28826.42000000,28854.44000000,89.01586000,1683229499999,2568002.25888480,1843,27.91457000,805148.56587590,0
1683229500000,28854.44000000,28880.00000000,28834.02000000,28862.79000000,66.17567000,1683229679999,1909436.58885030,2053,37.16867000,1072373.42584140,0
1683229680000,28862.79000000,28893.13000000,28862.78000000,28864.78000000,54.69869000,1683229859999,1579702.82323020,1824,27.27162000,787521.05813320,0
1683229860000,28864.79000000,28886.91000000,28854.03000000,28876.67000000,49.95253000,1683230039999,1442181.21961200,1676,27.20786000,785502.60339950,0
1683230040000,28876.68000000,28897.22000000,28861.36000000,28881.33000000,64.87894000,1683230219999,1873415.32835610,1501,34.37930000,992620.98299040,0
1683230220000,28881.32000000,28895.12000000,28870.74000000,28895.12000000,69.14236000,1683230399999,1996901.30357170,1444,33.38206000,964124.83808840,0
1683230400000,28895.31000000,28897.23000000,28850.00000000,28850.00000000,53.23208000,1683230579999,1536620.56082380,1588,22.73700000,656180.51299290,0
1683230580000,28850.01000000,28853.70000000,28840.90000000,28852.69000000,35.10922000,1683230759999,1012766.33965350,1063,23.12083000,666928.08403970,0
1683230760000,28852.70000000,28852.70000000,28835.30000000,28842.23000000,38.71544000,1683230939999,1116535.55053940,1158,17.05278000,491762.24649080,0
1683230940000,28842.22000000,28857.80000000,28841.55000000,28853.15000000,25.00435000,1683231119999,721314.83594680,1163,8.41537000,242745.80014830,0
1683231120000,28853.16000000,28853.16000000,28819.35000000,28819.36000000,42.84602000,1683231299999,1235640.56208520,1583,14.12971000,407462.72211320,0
1683231300000,28819.35000000,28838.29000000,28816.48000000,28838.28000000,32.91329000,1683231479999,948679.02927810,1250,20.90892000,602679.78981560,0
1683231480000,28838.28000000,28850.00000000,28838.28000000,28846.50000000,28.35704000,1683231659999,818038.06328550,888,7.71737000,222613.48712530,0
1683231660000,28846.50000000,28846.50000000,28832.31000000,28832.32000000,42.34505000,1683231839999,1221167.25090220,1401,17.64903000,508944.31334000,0
1683231840000,28832.31000000,28832.32000000,28822.04000000,28822.04000000,30.65771000,1683232019999,883780.80527860,1267,6.34423000,182890.54889490,0
1683232020000,28822.05000000,28870.81000000,28822.04000000,28864.33000000,37.85991000,1683232199999,1092190.29900240,2137,22.36668000,645174.14009300,0
1683232200000,28864.33000000,28920.00000000,28832.55000000,28874.18000000,242.88345000,1683232379999,7015033.54080990,5967,133.16767000,3846151.66982020,0
1683232380000,28874.18000000,28890.00000000,28852.14000000,28861.27000000,56.85997000,1683232559999,1641632.98379900,2060,23.71496000,684572.53287030,0
1683232560000,28861.27000000,28884.59000000,28856.38000000,28868.92000000,54.80922000,1683232739999,1582536.75274790,1716,25.41656000,733775.84012550,0
1683232740000,28868.91000000,28874.81000000,28850.00000000,28851.09000000,52.19015000,1683232919999,1506275.29575730,1794,17.40884000,502399.18121220,0
1683232920000,28851.09000000,28860.28000000,28847.00000000,28860.27000000,28.59993000,1683233099999,825149.17054310,1140,17.18783000,495891.72313530,0
1683233100000,28860.27000000,28860.28000000,28846.51000000,28848.33000000,25.50507000,1683233279999,735838.41182810,876,11.03049000,318223.43454530,0
1683233280000,28848.32000000,28848.33000000,28830.50000000,28830.50000000,25.22017000,1683233459999,727269.10659120,964,4.50398000,129875.26890970,0
1683233460000,28830.50000000,28864.42000000,28828.38000000,28864.41000000,44.87728000,1683233639999,1294392.01586370,1327,28.32850000,817092.83946320,0
1683233640000,28864.42000000,28880.24000000,28860.01000000,28868.51000000,41.63211000,1683233819999,1201954.92805180,1310,18.72899000,540708.44301690,0
1683233820000,28868.50000000,28873.09000000,28863.48000000,28870.16000000,33.59528000,1683233999999,969852.12811620,1021,14.35188000,414294.09559250,0
1683234000000,28870.16000000,28879.99000000,28870.15000000,28873.97000000,16.74898000,1683234179999,483650.92738150,790,6.40581000,184962.40298430,0
1683234180000,28873.96000000,28890.00000000,28868.07000000,28890.00000000,27.76486000,1683234359999,801751.75162210,1108,15.25297000,440446.69511330,0
1683234360000,28889.99000000,28895.28000000,28884.61000000,28888.38000000,37.79469000,1683234539999,1091835.06579930,909,11.55128000,333684.00974430,0
1683234540000,28888.39000000,28890.89000000,28870.74000000,28870.74000000,30.39762000,1683234719999,878038.74659460,975,5.35658000,154701.66684030,0
1683234720000,28870.74000000,28870.75000000,28836.69000000,28844.47000000,46.01335000,1683234899999,1327534.89730500,1514,14.78471000,426497.90468370,0
1683234900000,28844.47000000,28844.48000000,28824.57000000,28842.14000000,58.19943000,1683235079999,1678126.33311100,1611,13.86984000,399879.67881260,0
1683235080000,28842.15000000,28853.43000000,28831.84000000,28832.92000000,39.12872000,1683235259999,1128580.43594320,1306,14.72594000,424659.17192590,0
1683235260000,28832.93000000,28832.93000000,28784.25000000,28801.88000000,87.91674000,1683235439999,2532252.40136960,2338,28.39575000,817772.27978150,0
1683235440000,28801.88000000,28815.59000000,28798.97000000,28815.58000000,32.47908000,1683235619999,935562.72472130,1175,17.94361000,516882.88528540,0
1683235620000,28815.58000000,28817.53000000,28815.58000000,28817.43000000,21.86977000,1683235799999,630225.51881760,659,6.72760000,193868.44309560,0
1683235800000,28817.44000000,28842.72000000,28817.43000000,28827.87000000,43.47624000,1683235979999,1253474.86639110,1175,22.16818000,639044.57771360,0
1683235980000,28827.87000000,28832.83000000,28827.87000000,28832.83000000,10.85464000,1683236159999,312926.28522170,608,6.79850000,195993.38132050,0
1683236160000,28832.82000000,28834.32000000,28815.58000000,28815.58000000,23.03288000,1683236339999,664025.91645930,1036,5.10461000,147162.72162360,0
1683236340000,28815.59000000,28836.05000000,28793.46000000,28836.05000000,54.80002000,1683236519999,1578577.17611580,1765,24.71763000,712063.73066600,0
1683236520000,28836.04000000,28860.00000000,28836.04000000,28838.54000000,63.55428000,1683236699999,1833358.70827050,1984,45.99990000,1326961.60288730,0
1683236700000,28838.53000000,28857.59000000,28813.78000000,28824.99000000,44.80465000,1683236879999,1292029.60796280,1742,15.34756000,442554.20525480,0
1683236880000,28824.99000000,28838.42000000,28812.06000000,28812.07000000,16.79256000,1683237059999,484118.56934330,1285,5.23021000,150779.67575540,0
1683237060000,28812.07000000,28836.77000000,28809.33000000,28836.77000000,20.94807000,1683237239999,603748.75995830,1343,13.24406000,381669.45414300,0
1683237240000,28836.76000000,28836.79000000,28836.76000000,28836.78000000,11.26378000,1683237419999,324811.05777660,535,4.66634000,134562.19627500,0
1683237420000,28836.78000000,28839.99000000,28836.78000000,28839.98000000,9.19908000,1683237599999,265283.89787090,665,5.48023000,158038.02982880,0
1683237600000,28839.98000000,28852.17000000,28800.00000000,28822.31000000,53.80931000,1683237779999,1551188.58629590,2186,22.97171000,662196.77047400,0
1683237780000,28822.32000000,28826.57000000,28804.99000000,28804.99000000,21.59533000,1683237959999,622262.02331070,1228,2.85867000,82381.36271500,0
1683237960000,28804.99000000,28814.89000000,28789.00000000,28813.84000000,40.11715000,1683238139999,1155566.21727640,1862,20.54433000,591774.58402030,0
1683238140000,28813.85000000,28814.79000000,28783.83000000,28783.83000000,44.59505000,1683238319999,1284282.30709820,1301,21.33938000,614526.47889260,0
1683238320000,28783.84000000,28796.59000000,28755.21000000,28793.96000000,76.62953000,1683238499999,2205448.52770130,2190,26.21369000,754302.32675880,0
1683238500000,28793.96000000,28808.09000000,28748.00000000,28770.61000000,71.28828000,1683238679999,2051123.24257530,2191,31.20986000,897903.06305670,0
1683238680000,28770.62000000,28792.37000000,28766.01000000,28771.44000000,30.85799000,1683238859999,888075.07972070,1408,10.10778000,290889.23952080,0
1683238860000,28771.45000000,28807.73000000,28771.39000000,28782.82000000,69.76951000,1683239039999,2008794.64390100,1672,41.24778000,1187515.61191850,0
1683239040000,28782.83000000,28787.29000000,28760.00000000,28760.55000000,47.60902000,1683239219999,1369800.88446980,1190,17.65782000,508005.19969490,0
1683239220000,28760.55000000,28779.02000000,28758.56000000,28763.05000000,34.66707000,1683239399999,997247.48270270,1118,18.25913000,525216.85232490,0
1683239400000,28763.04000000,28794.00000000,28763.04000000,28790.47000000,48.37245000,1683239579999,1392223.51152450,1282,29.34529000,844515.80651570,0
1683239580000,28790.47000000,28790.47000000,28776.43000000,28787.20000000,26.61485000,1683239759999,766071.23135700,892,7.31356000,210497.82784070,0
1683239760000,28787.20000000,28805.00000000,28775.35000000,28785.72000000,53.62590000,1683239939999,1543995.71427680,1521,24.91655000,717374.94554370,0
1683239940000,28785.72000000,28788.88000000,28771.30000000,28777.23000000,34.78050000,1683240119999,1000993.62094170,1125,16.17530000,465504.51483580,0
1683240120000,28777.24000000,28795.21000000,28777.23000000,28780.85000000,43.43338000,1683240299999,1250194.69626980,1080,30.54826000,879272.99687840,0
1683240300000,28780.84000000,28781.78000000,28772.38000000,28776.21000000,58.84967000,1683240479999,1693519.34130670,1219,23.51983000,676783.65934990,0
1683240480000,28776.22000000,28791.01000000,28776.21000000,28791.01000000,14.96732000,1683240659999,430810.83606700,694,10.56387000,304057.59385790,0
1683240660000,28791.01000000,28812.30000000,28791.00000000,28809.85000000,23.47239000,1683240839999,676136.61981990,954,16.14370000,465011.96588420,0
1683240840000,28809.85000000,28809.85000000,28796.62000000,28799.66000000,25.38514000,1683241019999,731168.79436840,845,4.60709000,132693.16324970,0
1683241020000,28799.67000000,28799.67000000,28776.81000000,28779.90000000,45.22593000,1683241199999,1301867.79856960,959,11.51879000,331536.70740630,0
1683241200000,28779.91000000,28793.51000000,28770.34000000,28793.50000000,48.22547000,1683241379999,1387998.85069000,1482,19.52683000,562039.49573990,0
1683241380000,28793.51000000,28806.01000000,28793.50000000,28805.08000000,25.24714000,1683241559999,727042.77244320,940,15.99771000,460680.98593000,0
1683241560000,28805.08000000,28824.98000000,28799.40000000,28820.43000000,59.74169000,1683241739999,1721553.95997920,1570,32.86371000,947003.88230590,0
1683241740000,28820.43000000,28826.61000000,28808.52000000,28820.04000000,36.66783000,1683241919999,1056666.41385880,1052,13.35524000,384844.19566010,0
1683241920000,28820.03000000,28836.17000000,28816.69000000,28836.17000000,74.69537000,1683242099999,2153114.12379080,969,38.86806000,1120436.39025690,0
1683242100000,28836.16000000,28846.17000000,28836.16000000,28839.05000000,23.94245000,1683242279999,690541.27565800,943,9.87337000,284759.13074700,0
1683242280000,28839.05000000,28839.06000000,28833.59000000,28833.60000000,15.83704000,1683242459999,456701.24949450,528,8.40756000,242459.11798200,0
1683242460000,28833.59000000,28843.89000000,28824.49000000,28843.89000000,38.01907000,1683242639999,1096337.69745030,1270,12.72745000,366995.94634860,0
1683242640000,28843.88000000,28856.51000000,28842.60000000,28851.18000000,45.18808000,1683242819999,1303652.09973730,939,19.98437000,576544.75346380,0
1683242820000,28851.18000000,28851.18000000,28826.26000000,28835.25000000,30.05655000,1683242999999,866780.54207490,836,9.80380000,282694.44728390,0
1683243000000,28835.25000000,28840.00000000,28827.47000000,28827.48000000,24.13313000,1683243179999,695846.18432660,724,9.71591000,280134.12070910,0
1683243180000,28827.48000000,28831.46000000,28814.01000000,28818.00000000,39.38431000,1683243359999,1135223.64182290,818,18.08172000,521229.71505570,0
1683243360000,28818.00000000,28837.25000000,28817.99000000,28834.69000000,14.15248000,1683243539999,408034.59667570,775,7.91439000,228173.38989710,0
1683243540000,28834.69000000,28853.04000000,28834.66000000,28836.01000000,32.67305000,1683243719999,942486.70767290,1003,9.69381000,279615.51337910,0
1683243720000,28836.02000000,28836.02000000,28811.58000000,28811.59000000,12.29034000,1683243899999,354245.04374220,821,5.35197000,154249.52546350,0
1683243900000,28811.58000000,28820.70000000,28808.19000000,28820.68000000,19.60646000,1683244079999,564931.77985780,719,11.51928000,331884.41709010,0
1683244080000,28820.69000000,28836.22000000,28820.68000000,28836.22000000,29.54833000,1683244259999,851746.30311970,805,22.98839000,662661.33745090,0
1683244260000,28836.21000000,28836.22000000,28830.64000000,28834.85000000,27.99093000,1683244439999,807082.38037040,800,9.84345000,283820.55318080,0
1683244440000,28834.85000000,28834.85000000,28820.68000000,28826.49000000,23.66563000,1683244619999,682202.87459850,940,8.26242000,238150.02474090,0
1683244620000,28826.48000000,28838.17000000,28826.48000000,28838.16000000,11.88684000,1683244799999,342719.31540490,610,9.26992000,267268.41865290,0