Time,Index,Equity,Shares,Entry,Stoploss,Short or Long,Profit
2013-06-13 22:06:00,1,1000540.7041,-901,95.54700,95.65800,Short,540.7041
2013-07-12 06:30:00,2,1000434.3128,-2129,99.12800,99.17500,Short,-106.3913
2013-07-12 07:00:00,3,1000325.5144,-2942,99.40400,99.43800,Short,-108.7984
2013-07-12 08:30:00,4,1000224.1860,-467,99.45600,99.67000,Short,-101.3284
2013-07-16 10:30:00,5,1000273.8000,800,99.34900,99.22400,Long,49.6141
2013-07-25 15:06:00,6,1000168.6765,1696,99.49900,99.44000,Long,-105.1235
2013-07-29 12:42:00,7,1000210.3609,-595,98.00300,98.17100,Short,41.6843
2013-07-30 08:45:00,8,1000124.1418,1370,97.84800,97.77500,Long,-86.2191
2013-08-12 13:51:00,9,1000384.7177,5001,96.45300,96.43300,Long,260.5759
2013-08-21 18:00:00,10,1000379.0465,-356,97.69400,97.97500,Short,-5.6712
2013-08-23 14:18:00,11,1000393.8362,671,98.59700,98.44800,Long,14.7897
2013-09-04 08:24:00,12,1000341.3159,1251,99.46200,99.38200,Long,-52.5203
2013-09-15 21:54:00,13,1000360.0278,-603,98.91900,99.08500,Short,18.7119
2013-09-17 08:30:00,14,1000253.5147,2175,99.09800,99.05200,Long,-106.5131
2013-09-25 09:06:00,15,1000141.1181,-4169,98.69300,98.71700,Short,-112.3965
2013-09-25 17:42:00,16,1000290.5772,-715,98.66700,98.80700,Short,149.4590
2013-10-04 13:33:00,17,1000177.8183,-4350,97.40900,97.43200,Short,-112.7589
2013-10-07 14:00:00,18,1000291.6044,-855,97.09200,97.20900,Short,113.7861
2013-10-15 16:42:00,19,1000188.6598,1000,98.25400,98.15400,Long,-102.9446
2013-10-20 17:42:00,20,1000075.8714,-4349,97.83400,97.85700,Short,-112.7884
2013-10-25 10:48:00,21,1000015.9496,-1334,97.33800,97.41300,Short,-59.9218
2013-11-05 11:00:00,22,999912.3784,-1205,98.45500,98.53800,Short,-103.5711
2013-11-19 10:54:00,23,999790.9174,-7143,100.15400,100.16800,Short,-121.4610
2013-12-01 22:42:00,24,999823.7259,1316,102.29200,102.21600,Long,32.8084
2013-12-09 09:39:00,25,999906.8960,1852,103.01000,102.95600,Long,83.1701
2013-12-11 23:18:00,26,1000047.0797,-1299,102.66800,102.74500,Short,140.1837
2013-12-17 13:39:00,27,1000327.7625,-1010,102.92600,103.02500,Short,280.6828
2013-12-20 10:36:00,28,1000226.1439,493,104.29900,104.09600,Long,-101.6186
2013-12-23 10:03:00,29,1000120.0954,-1924,104.01100,104.06300,Short,-106.0485
2013-12-31 11:18:00,30,1000009.5679,-3334,105.08400,105.11400,Short,-110.5275
2014-01-16 08:30:00,31,999903.9517,1786,104.57600,104.52000,Long,-105.6162
2014-01-16 09:24:00,32,999801.4874,806,104.35400,104.23000,Long,-102.4643
2014-01-26 19:24:00,33,999698.8555,-862,102.20300,102.31900,Short,-102.6320
2014-01-29 06:33:00,34,999592.9913,1922,102.72600,102.67400,Long,-105.8642
2014-02-06 15:57:00,35,999486.2476,-2221,102.08100,102.12600,Short,-106.7437
2014-02-07 10:27:00,36,999581.0856,284,101.77700,101.42500,Long,94.8380
2014-02-11 10:03:00,37,999581.0538,-442,102.39200,102.61800,Short,-0.0318
2014-02-12 10:24:00,38,999709.9755,1075,102.30700,102.21400,Long,128.9216
2014-02-20 09:30:00,39,999606.0511,-1298,102.24500,102.32200,Short,-103.9244
2014-02-20 10:12:00,40,999544.1816,-909,102.17300,102.28300,Short,-61.8695
2014-02-23 22:33:00,41,999439.4208,1562,102.34300,102.27900,Long,-104.7608
2014-02-28 13:24:00,42,999546.1104,-1369,102.16800,102.24100,Short,106.6896
2014-03-11 11:24:00,43,999541.8939,3844,103.22800,103.20200,Long,-4.2165
2014-03-13 13:27:00,44,1002911.5765,-3570,102.76400,102.79200,Short,3369.6826
2014-03-16 17:48:00,45,1002798.5791,-4179,101.33500,101.35900,Short,-112.9974
2014-03-25 12:09:00,46,1002864.7035,-1003,102.37900,102.47900,Short,66.1243
2014-03-27 11:57:00,47,1003118.2750,-1153,102.33500,102.42200,Short,253.5715
2014-04-13 17:45:00,48,1003046.9623,-1454,101.57400,101.64300,Short,-71.3127
2014-04-15 17:15:00,49,1003280.3834,912,101.60200,101.49200,Long,233.4211
2014-04-29 22:00:00,50,1003161.9256,5901,102.49000,102.47300,Long,-118.4578
2014-05-09 12:42:00,51,1003161.8175,-2006,101.79300,101.84300,Short,-0.1081
2014-05-11 17:36:00,52,1003055.4956,-1967,101.81300,101.86400,Short,-106.3220
2014-05-18 19:00:00,53,1003019.8347,-5899,101.51100,101.52800,Short,-35.6609
2014-05-21 09:33:00,54,1002911.0750,-2786,101.30000,101.33600,Short,-108.7596
2014-05-28 09:36:00,55,1002805.4446,1759,101.77000,101.71300,Long,-105.6304
2014-05-30 08:15:00,56,1002747.0200,-1823,101.64900,101.70400,Short,-58.4246
2014-06-06 06:21:00,57,1002634.4626,-4010,102.33100,102.35600,Short,-112.5574
2014-06-08 18:18:00,58,1002516.0868,-5896,102.59400,102.61100,Short,-118.3758
2014-06-15 18:30:00,59,1002410.7815,-1670,101.96200,102.02200,Short,-105.3053
2014-06-25 09:33:00,60,1003594.2793,-6264,101.92700,101.94300,Short,1183.4978
2014-07-09 16:21:00,61,1003604.9008,-507,101.65300,101.85100,Short,10.6215
2014-07-11 16:57:00,62,1003601.0369,-3716,101.32500,101.35200,Short,-3.8639
2014-07-22 10:57:00,63,1003757.9108,1618,101.38500,101.32300,Long,156.8739
2014-07-22 21:48:00,64,1003645.3530,4014,101.40200,101.37700,Long,-112.5578
2014-08-12 10:54:00,65,1003774.8841,2447,102.12200,102.08100,Long,129.5311
2014-08-21 09:33:00,66,1003665.8411,2788,103.75400,103.71800,Long,-109.0430
2014-09-05 07:15:00,67,1003710.6589,3237,105.13400,105.10300,Long,44.8178
2014-09-11 10:27:00,68,1003735.2918,619,106.80200,106.64000,Long,24.6329
2014-09-19 08:45:00,69,1003648.5998,1270,108.77900,108.70000,Long,-86.6920
2014-09-23 09:48:00,70,1003541.8719,-1967,108.69100,108.74200,Short,-106.7278
2014-09-23 12:00:00,71,1003507.0059,-888,108.82000,108.93300,Short,-34.8660
2014-10-01 09:39:00,72,1003401.1164,1700,109.65700,109.59800,Long,-105.8895
2014-10-01 18:33:00,73,1003346.6425,822,109.06500,108.94300,Long,-54.4740
2014-10-05 17:54:00,74,1003293.9825,-760,109.71200,109.84400,Short,-52.6599
2014-10-09 12:15:00,75,1003216.4814,-389,107.91900,108.17700,Short,-77.5011
2014-10-13 16:12:00,76,1003108.7152,2332,107.10700,107.06400,Long,-107.7662
2014-10-14 23:24:00,77,1003491.6403,-1966,107.34500,107.39600,Short,382.9251
2014-10-16 13:00:00,78,1003463.7020,-647,106.08600,106.24100,Short,-27.9384
2014-10-21 20:03:00,79,1003356.6759,-2090,107.00300,107.05100,Short,-107.0261
2014-10-28 09:24:00,80,1003660.1948,-1497,108.08000,108.14700,Short,303.5189
2014-11-07 11:48:00,81,1003667.3025,383,114.71200,114.45000,Long,7.1077
2014-11-16 21:09:00,82,1003564.7843,651,116.08600,115.93200,Long,-102.5182
2014-11-20 10:18:00,83,1003534.0926,401,118.00700,117.75700,Long,-30.6917
2014-11-27 13:42:00,84,1003537.4348,-1355,117.77300,117.84700,Short,3.3423
2014-12-12 13:18:00,85,1003666.9647,-446,118.84800,119.07300,Short,129.5299
2014-12-17 14:06:00,86,1003564.3898,-643,117.67600,117.83200,Short,-102.5750
2015-01-04 17:42:00,87,1003486.4952,-482,120.38800,120.59600,Short,-77.8945
2015-01-08 11:51:00,88,1003478.7047,619,119.53400,119.37200,Long,-7.7906
2015-01-16 06:48:00,89,1003372.1430,-1791,116.67000,116.72600,Short,-106.5617
2015-01-16 09:33:00,90,1003267.6482,-1208,116.82700,116.91000,Short,-104.4948
2015-01-16 13:57:00,91,1003239.8080,-687,117.51400,117.66000,Short,-27.8402
2015-01-23 08:18:00,92,1003228.1018,570,117.92200,117.74600,Long,-11.7062
2015-01-27 08:30:00,93,1003124.4484,973,117.76100,117.65800,Long,-103.6534
2015-01-29 02:00:00,94,1003315.2076,-835,117.96400,118.08400,Short,190.7592
2015-01-29 17:36:00,95,1003395.8886,-1857,118.38800,118.44200,Short,80.6810
2015-02-02 06:09:00,96,1003290.0777,-1567,117.54700,117.61100,Short,-105.8109
2015-02-05 08:03:00,97,1003247.6412,-1542,117.37200,117.43700,Short,-42.4365
2015-02-18 17:03:00,98,1003141.0303,1790,118.69400,118.63800,Long,-106.6109
2015-02-23 10:00:00,99,1003036.0832,1319,118.93200,118.85600,Long,-104.9471
2015-02-24 18:36:00,100,1003105.8832,1412,118.83200,118.76100,Long,69.8000
2015-03-11 10:42:00,101,1003083.1949,2133,121.23400,121.18700,Long,-22.6883
2015-03-17 08:30:00,102,1002975.9321,1928,121.19300,121.14100,Long,-107.2628
2015-03-24 14:57:00,103,1003152.6444,-1432,119.79200,119.86200,Short,176.7123
2015-03-29 21:15:00,104,1003236.6880,-1892,119.26800,119.32100,Short,84.0436
2015-04-13 12:12:00,105,1003344.1556,586,120.08400,119.91300,Long,107.4676
2015-04-17 15:33:00,106,1003789.8448,-1254,119.17500,119.25500,Short,445.6891
2015-04-22 12:15:00,107,1004332.6487,1270,119.41300,119.33400,Long,542.8039
2015-05-05 12:03:00,108,1004226.4527,1619,119.84700,119.78500,Long,-106.1960
2015-05-07 12:54:00,109,1004114.4455,-3238,119.74700,119.77800,Short,-112.0072
2015-05-08 09:21:00,110,1004011.2249,809,119.80400,119.68000,Long,-103.2206
2015-05-12 21:45:00,111,1004030.1370,2952,119.77200,119.73800,Long,18.9121
2015-06-04 11:00:00,112,1003926.5465,-851,124.38500,124.50300,Short,-103.5905
2015-06-14 21:48:00,113,1003821.2433,-1338,123.47200,123.54700,Short,-105.3032
2015-06-16 10:00:00,114,1003714.2594,1792,123.41700,123.36100,Long,-106.9839
2015-06-26 10:57:00,115,1003607.5831,-1701,123.85600,123.91500,Short,-106.6764
2015-06-29 12:24:00,116,1003502.0696,1413,122.51600,122.44500,Long,-105.5134
2015-06-30 09:27:00,117,1003515.4034,-656,122.44800,122.60100,Short,13.3338
2015-07-01 12:03:00,118,1003508.6570,-631,123.05700,123.21600,Short,-6.7463
2015-07-02 23:51:00,119,1003815.4408,1760,122.85600,122.79900,Long,306.7838
2015-07-07 10:03:00,120,1003709.1207,1619,122.40300,122.34100,Long,-106.3201
2015-07-21 16:24:00,121,1003868.4334,1672,123.81200,123.75200,Long,159.3126
2015-07-24 09:48:00,122,1003992.7403,-1568,124.00400,124.06800,Short,124.3069
2015-08-03 12:30:00,123,1003881.0818,3041,123.95600,123.92300,Long,-111.6585
2015-08-04 10:27:00,124,1003884.8545,-2951,124.04700,124.08100,Short,3.7727
2015-08-04 11:54:00,125,1003919.6099,-2135,124.01700,124.06400,Short,34.7554
2015-08-06 14:48:00,126,1004032.9117,1568,124.63000,124.56600,Long,113.3018
2015-08-07 07:03:00,127,1003913.7805,5018,124.71300,124.69300,Long,-119.1313
2015-08-16 21:57:00,128,1003923.7417,-2334,124.39600,124.43900,Short,9.9612
2015-08-26 12:54:00,129,1004222.5885,-665,119.75700,119.90800,Short,298.8468
2015-08-26 16:33:00,130,1004117.7777,-1239,119.85100,119.93200,Short,-104.8109
2015-08-27 01:21:00,131,1004187.1688,-743,120.13000,120.26500,Short,69.3911
2015-08-31 21:00:00,132,1004083.0588,1045,120.99000,120.89400,Long,-104.1100
2015-09-02 10:57:00,133,1004090.4232,-784,120.20800,120.33600,Short,7.3644
2015-09-14 23:57:00,134,1005337.9452,-2641,120.61400,120.65200,Short,1247.5220
2015-09-24 00:36:00,135,1005425.6210,1211,119.94200,119.85900,Long,87.6757
2015-10-08 14:57:00,136,1005313.4534,-3242,119.97300,120.00400,Short,-112.1676
2015-10-11 20:42:00,137,1005188.7913,6701,120.13200,120.11700,Long,-124.6621
2015-10-16 11:15:00,138,1005082.4366,-1647,119.22100,119.28200,Short,-106.3547
2015-10-28 12:33:00,139,1004975.5764,-1763,120.48000,120.53700,Short,-106.8602
2015-10-28 16:42:00,140,1005020.0999,-750,121.11600,121.25000,Short,44.5235
2015-11-09 10:00:00,141,1004914.2008,1477,123.36100,123.29300,Long,-105.8991
2015-11-13 08:54:00,142,1004807.6009,-1674,122.71700,122.77700,Short,-106.5998
2015-11-22 19:15:00,143,1004692.3645,-4017,122.93100,122.95600,Short,-115.2364
2015-11-27 02:54:00,144,1005263.6092,-2137,122.67900,122.72600,Short,571.2447
2015-11-29 23:18:00,145,1005315.2998,4567,122.70900,122.68700,Long,51.6906
2015-12-03 10:06:00,146,1005309.5107,394,123.11900,122.86400,Long,-5.7891
2015-12-03 18:42:00,147,1005533.9748,1104,122.49300,122.40200,Long,224.4642
2015-12-15 08:30:00,148,1005550.0953,-985,121.11600,121.21800,Short,16.1204
2015-12-16 14:27:00,149,1005715.8936,1272,121.71200,121.63300,Long,165.7984
2015-12-27 23:06:00,150,1005720.7740,-906,120.43200,120.54300,Short,4.8804
2015-12-29 19:51:00,151,1005728.2605,-3141,120.54500,120.57700,Short,7.4865
2015-12-30 08:09:00,152,1005616.3635,-3142,120.47600,120.50800,Short,-111.8971
2016-01-07 23:30:00,153,1005609.0070,-358,118.31400,118.59500,Short,-7.3565
2016-01-08 11:51:00,154,1005752.2223,-265,118.27800,118.65700,Short,143.2154
2016-01-13 20:09:00,155,1005724.6973,1571,117.37000,117.30600,Long,-27.5250
2016-01-19 14:45:00,156,1005657.9174,1500,117.37300,117.30600,Long,-66.7799
2016-01-19 21:54:00,157,1005558.8142,549,117.37200,117.18900,Long,-99.1032
2016-01-21 12:39:00,158,1005455.6145,-745,117.56900,117.70400,Short,-103.1996
2016-01-26 06:42:00,159,1005349.4702,-1595,118.33600,118.39900,Short,-106.1444
2016-01-28 11:12:00,160,1005242.6203,1794,118.70900,118.65300,Long,-106.8499
2016-02-07 19:00:00,161,1005132.3557,-2791,116.94200,116.97800,Short,-110.2645
2016-02-10 17:27:00,162,1005515.6101,-292,114.85300,115.19700,Short,383.2544
2016-02-23 11:00:00,163,1005654.1648,-798,112.24300,112.36900,Short,138.5547
2016-03-02 18:45:00,164,1005737.4221,588,113.38600,113.21500,Long,83.2573
2016-03-14 22:45:00,165,1005631.6537,-1546,113.87100,113.93600,Short,-105.7683
2016-03-16 00:06:00,166,1005660.9925,-1026,113.46000,113.55800,Short,29.3387
2016-03-16 13:15:00,167,1005740.0215,-2285,113.76100,113.80500,Short,79.0291
2016-03-20 18:15:00,168,1005797.6031,-602,111.55500,111.72200,Short,57.5815
2016-03-29 00:06:00,169,1005772.1085,-867,113.54300,113.65900,Short,-25.4946
2016-03-30 09:18:00,170,1005668.9910,-779,112.51600,112.64500,Short,-103.1175
2016-03-31 07:57:00,171,1005728.3953,-1197,112.35800,112.44200,Short,59.4043
2016-04-14 12:00:00,172,1005810.4815,762,109.07000,108.93800,Long,82.0861
2016-04-21 12:03:00,173,1005707.8868,617,109.49200,109.32900,Long,-102.5947
2016-04-21 13:15:00,174,1005711.4098,948,109.44900,109.34300,Long,3.5231
2016-04-26 09:06:00,175,1005712.2812,-1306,111.08900,111.16600,Short,0.8714
2016-04-26 19:21:00,176,1005773.4625,-1340,111.36100,111.43600,Short,61.1813
2016-05-11 15:54:00,177,1005665.4923,2285,108.43600,108.39200,Long,-107.9703
2016-05-12 13:33:00,178,1005766.7008,867,108.74000,108.62400,Long,101.2086
2016-05-17 10:06:00,179,1005661.9456,1289,109.03000,108.95200,Long,-104.7552
2016-05-17 23:30:00,180,1006403.6099,1828,108.77700,108.72200,Long,741.6642
2016-05-26 01:27:00,181,1006416.0705,666,109.65800,109.50700,Long,12.4606
2016-05-26 13:06:00,182,1006478.5378,774,109.67600,109.54600,Long,62.4674
2016-05-31 00:24:00,183,1007126.2386,2140,110.89700,110.85000,Long,647.7008
2016-06-03 14:12:00,184,1009580.9931,-1118,108.93600,109.02600,Short,2454.7545
2016-06-06 16:48:00,185,1010000.5488,759,106.96900,106.83600,Long,419.5557
2016-06-07 10:48:00,186,1009896.9247,821,107.35300,107.23000,Long,-103.6241
2016-06-12 18:30:00,187,1009918.5746,-808,106.82300,106.94800,Short,21.6499
2016-06-13 13:42:00,188,1009969.5764,-691,106.30200,106.44800,Short,51.0018
2016-06-14 12:12:00,189,1009940.4648,-783,106.01900,106.14800,Short,-29.1116
2016-06-26 20:00:00,190,1009838.1022,-485,102.10500,102.31300,Short,-102.3626
2016-07-08 09:42:00,191,1009889.6103,-243,100.86800,101.28400,Short,51.5081
2016-07-10 17:21:00,192,1009781.7548,-2294,100.58900,100.63300,Short,-107.8555
2016-07-15 14:39:00,193,1009882.5959,706,105.37400,105.23100,Long,100.8411
2016-07-24 17:36:00,194,1009778.6304,-970,106.13400,106.23800,Short,-103.9655
2016-07-24 20:06:00,195,1009673.9520,-1187,106.33000,106.41500,Short,-104.6784
2016-07-26 17:21:00,196,1009672.1792,-428,104.74000,104.97600,Short,-1.7728
2016-08-03 08:15:00,197,1009696.0584,-664,101.20300,101.35500,Short,23.8793
2016-08-03 16:00:00,198,1009717.7480,-443,101.25800,101.48600,Short,21.6896
2016-08-05 08:54:00,199,1009640.5108,-394,101.30700,101.56300,Short,-77.2372
2016-08-11 16:39:00,200,1009526.7652,-4204,101.90800,101.93200,Short,-113.7456
2016-08-11 18:06:00,201,1009458.7012,-2059,101.92400,101.97300,Short,-68.0640
2016-08-14 20:51:00,202,1009354.0751,-1245,101.31600,101.39700,Short,-104.6261
2016-08-18 14:27:00,203,1009988.3768,-1382,100.41500,100.48800,Short,634.3016
2016-08-26 07:45:00,204,1009869.5627,5937,100.43300,100.41600,Long,-118.8141
2016-09-01 14:06:00,205,1009862.4425,505,103.32100,103.12100,Long,-7.1201
2016-09-08 18:06:00,206,1009861.0165,-1328,102.45900,102.53500,Short,-1.4260
2016-09-13 13:15:00,207,1009756.2937,-1231,102.45900,102.54100,Short,-104.7228
2016-09-16 13:54:00,208,1009702.8763,-1441,102.35600,102.42600,Short,-53.4174
2016-09-29 16:57:00,209,1009645.1428,444,101.14300,100.91600,Long,-57.7335
2016-10-11 10:21:00,210,1009707.5498,1097,103.64500,103.55300,Long,62.4071
2016-10-13 10:48:00,211,1009604.0076,855,103.51900,103.40100,Long,-103.5422
2016-10-20 08:57:00,212,1009493.8943,-2967,103.79000,103.82400,Short,-110.1133
2016-10-20 16:36:00,213,1009438.9673,-1441,103.94500,104.01500,Short,-54.9270
2016-10-28 14:45:00,214,1009426.2218,507,104.65600,104.45700,Long,-12.7455
2016-11-03 08:36:00,215,1009463.7505,-3153,103.23400,103.26600,Short,37.5287
2016-11-04 10:30:00,216,1009496.1263,-721,103.15000,103.29000,Short,32.3758
2016-11-07 08:00:00,217,1009391.9423,1051,104.37600,104.28000,Long,-104.1839
2016-11-11 12:48:00,218,1009646.6805,870,106.28600,106.17000,Long,254.7382
2016-11-22 10:57:00,219,1009541.7908,-1201,111.26300,111.34700,Short,-104.8898
2016-11-28 18:51:00,220,1009437.6880,952,111.82800,111.72200,Long,-104.1028
2016-12-01 18:09:00,221,1009478.9419,770,114.05800,113.92700,Long,41.2539
2016-12-05 16:57:00,222,1009546.3097,348,113.61500,113.32500,Long,67.3678
2016-12-08 09:48:00,223,1009531.4776,-472,114.16400,114.37800,Short,-14.8322
2016-12-12 10:33:00,224,1009423.0922,2148,115.33800,115.29100,Long,-108.3854
2016-12-13 07:57:00,225,1009485.6080,-1262,115.37800,115.45800,Short,62.5158
2016-12-28 15:27:00,226,1009416.3214,1074,117.14800,117.05400,Long,-69.2865
2017-01-03 15:21:00,227,1009505.3839,555,117.40600,117.22400,Long,89.0625
2017-01-10 21:36:00,228,1009401.0336,-980,116.10100,116.20400,Short,-104.3503
2017-01-13 09:15:00,229,1009298.1275,-549,114.94200,115.12600,Short,-102.9061
2017-01-13 15:24:00,230,1009681.7644,-558,115.26300,115.44400,Short,383.6369
2017-02-01 09:15:00,231,1009615.8745,-910,113.62100,113.73200,Short,-65.8900
2017-02-01 12:15:00,232,1009761.7036,-627,113.68600,113.84700,Short,145.8291
2017-02-05 20:57:00,233,1009809.3705,-584,112.53500,112.70800,Short,47.6669
2017-02-09 07:18:00,234,1009720.9899,-1464,112.36500,112.43400,Short,-88.3806
2017-02-09 08:27:00,235,1009707.7528,-990,112.37000,112.47200,Short,-13.2371
2017-03-07 22:51:00,236,1009601.5561,1530,113.72100,113.65500,Long,-106.1968
2017-03-13 15:21:00,237,1009571.3656,-1836,114.79900,114.85400,Short,-30.1904
2017-03-14 17:27:00,238,1009710.5530,1174,114.60400,114.51800,Long,139.1874
2017-04-07 12:51:00,239,1009606.1832,-1020,110.87800,110.97700,Short,-104.3698
2017-05-04 18:00:00,240,1009679.8870,1074,112.41000,112.31600,Long,73.7038
2017-05-08 10:42:00,241,1009572.9508,-1771,112.78400,112.84100,Short,-106.9362
2017-05-23 06:57:00,242,1009459.5186,-3739,111.28000,111.30700,Short,-113.4322
2017-06-02 09:27:00,243,1009356.6693,558,110.76900,110.58800,Long,-102.8492
2017-06-05 11:51:00,244,1009528.6635,-1402,110.61500,110.68700,Short,171.9942
2017-06-07 09:33:00,245,1009421.6538,-1836,109.52700,109.58200,Short,-107.0097
2017-06-15 07:51:00,246,1009317.0159,-1098,110.04600,110.13800,Short,-104.6379
2017-06-15 08:30:00,247,1009213.3939,-814,110.11900,110.24300,Short,-103.6221
2017-06-22 11:27:00,248,1009103.3459,-2728,111.37600,111.41300,Short,-110.0480
2017-06-23 10:24:00,249,1008995.3852,-2103,111.26500,111.31300,Short,-107.9607
2017-07-11 12:30:00,250,1008891.8467,748,114.15100,114.01600,Long,-103.5385
2017-07-16 20:06:00,251,1008999.8987,-1552,112.55500,112.62000,Short,108.0520
2017-07-17 08:30:00,252,1008890.0166,2656,112.41400,112.37600,Long,-109.8821
2017-08-04 08:57:00,253,1008786.9767,-655,110.58100,110.73500,Short,-103.0399
2017-08-04 09:45:00,254,1008683.5060,-782,110.64600,110.77500,Short,-103.4707
2017-08-06 17:21:00,255,1008572.4754,-3057,110.70300,110.73600,Short,-111.0305
2017-08-16 13:48:00,256,1008468.0114,1096,110.55700,110.46500,Long,-104.4641
2017-08-24 08:36:00,257,1008441.0986,-1327,109.38000,109.45600,Short,-26.9127
2017-08-28 17:15:00,258,1008692.2294,-1382,109.30000,109.37300,Short,251.1308
2017-09-14 22:24:00,259,1008694.5941,877,110.11600,110.00100,Long,2.3647
2017-09-19 13:21:00,260,1008806.2790,478,111.41200,111.20100,Long,111.6850
2017-09-26 15:24:00,261,1008900.6667,-877,112.36600,112.48100,Short,94.3877
2017-10-02 09:30:00,262,1008794.8567,1442,112.64700,112.57700,Long,-105.8101
2017-10-02 21:45:00,263,1008690.5765,-999,112.91800,113.01900,Short,-104.2801
2017-10-03 15:09:00,264,1008784.8773,1215,112.79100,112.70800,Long,94.3008
2017-10-04 10:00:00,265,1008676.4142,-2242,112.64000,112.68500,Short,-108.4631
2017-10-04 12:03:00,266,1008569.6693,-1739,112.82300,112.88100,Short,-106.7450
2017-10-06 11:33:00,267,1008466.7842,590,112.88800,112.71700,Long,-102.8851
2017-10-09 17:09:00,268,1008548.3239,2058,112.59500,112.54600,Long,81.5397
2017-10-12 07:51:00,269,1008923.7911,-4385,112.39900,112.42200,Short,375.4672
2017-10-12 08:48:00,270,1008817.2665,-1681,112.38600,112.44600,Short,-106.5246
2017-10-13 10:00:00,271,1008801.1564,-211,111.78200,112.26000,Short,-16.1101
2017-10-16 01:54:00,272,1009012.4838,-2059,112.02900,112.07800,Short,211.3274
2017-10-16 15:00:00,273,1008906.6953,-1442,112.14700,112.21700,Short,-105.7885
2017-10-23 06:15:00,274,1008800.0310,-1682,113.89900,113.95900,Short,-106.6643
2017-10-25 12:15:00,275,1008696.1470,870,113.68000,113.56400,Long,-103.8840
2017-10-31 15:45:00,276,1008665.8540,-1740,113.67400,113.73200,Short,-30.2931
2017-11-02 13:30:00,277,1008884.2955,673,113.71200,113.56200,Long,218.4415
2017-11-08 21:57:00,278,1008775.8716,-2194,113.99200,114.03800,Short,-108.4239
2017-11-13 13:30:00,279,1008736.8441,-2242,113.59500,113.64000,Short,-39.0275
2017-11-13 16:42:00,280,1008776.2411,-4586,113.63100,113.65300,Short,39.3970
2017-11-14 12:42:00,281,1008886.1518,1187,113.39300,113.30800,Long,109.9107
2017-11-21 09:51:00,282,1008780.4886,1402,112.27200,112.20000,Long,-105.6631
2017-11-24 09:12:00,283,1008961.7484,-2461,111.49300,111.53400,Short,181.2598
2017-11-28 20:00:00,284,1008862.3906,-2403,111.61800,111.66000,Short,-99.3578
2017-12-01 14:42:00,285,1008902.2725,216,111.87300,111.40500,Long,39.8818
2017-12-05 09:06:00,286,1008797.9525,-1019,112.59500,112.69400,Short,-104.3200
2017-12-11 15:54:00,287,1008716.8312,-1869,113.49200,113.54600,Short,-81.1213
2017-12-11 18:21:00,288,1008656.9205,-3255,113.54000,113.57100,Short,-59.9107
2017-12-15 09:51:00,289,1008552.6252,-1009,112.26800,112.36800,Short,-104.2953
2017-12-19 08:03:00,290,1008442.5541,-2726,112.64500,112.68200,Short,-110.0711
2017-12-22 11:48:00,291,1008315.3107,7759,113.32800,113.31500,Long,-127.2433
2017-12-27 10:00:00,292,1008200.7509,-4034,113.31100,113.33600,Short,-114.5599
2018-01-01 17:15:00,293,1008143.0530,-925,112.59400,112.70300,Short,-57.6978
2018-01-01 19:21:00,294,1008033.6888,-2521,112.75000,112.79000,Short,-109.3643
2018-01-29 08:24:00,295,1008226.1343,1803,108.68100,108.62500,Long,192.4455
2018-02-07 10:54:00,296,1008116.8580,-2525,109.29800,109.33800,Short,-109.2763
2018-02-07 19:03:00,297,1008413.9373,-944,109.59400,109.70100,Short,297.0793
2018-02-08 09:15:00,298,1008306.0317,2104,109.57900,109.53100,Long,-107.9056
2018-02-16 11:57:00,299,1008595.6177,-1464,106.31000,106.37900,Short,289.5860
2018-02-21 15:42:00,300,1008733.0306,631,107.44400,107.28400,Long,137.4129
2018-02-28 08:57:00,301,1008760.4450,1203,107.02900,106.94500,Long,27.4144
2018-03-01 10:33:00,302,1008653.9955,-1684,107.13700,107.19700,Short,-106.4495
2018-03-16 10:18:00,303,1008545.1099,-2410,106.06700,106.10900,Short,-108.8856
2018-03-21 18:06:00,304,1008568.9156,1265,106.01800,105.93800,Long,23.8058
2018-04-03 08:00:00,305,1008458.5196,-2891,106.23800,106.27300,Short,-110.3960
2018-04-06 10:45:00,306,1008431.4287,728,107.12700,106.98800,Long,-27.0909
2018-04-09 12:33:00,307,1008524.6956,2468,106.94300,106.90200,Long,93.2669
2018-04-11 08:30:00,308,1008414.2524,2891,106.78300,106.74800,Long,-110.4433
2018-04-16 08:18:00,309,1008298.9147,-4399,107.32500,107.34800,Short,-115.3376
2018-04-26 09:24:00,310,1008193.6579,1249,109.17700,109.09600,Long,-105.2568
2018-04-26 11:45:00,311,1008331.5970,1124,109.15500,109.06500,Long,137.9390
2018-04-30 14:39:00,312,1008326.9951,1405,109.17800,109.10600,Long,-4.6019
2018-05-03 14:18:00,313,1008392.3282,937,109.06600,108.95800,Long,65.3331
2018-05-06 21:45:00,314,1008845.3861,-1686,109.14200,109.20200,Short,453.0578
2018-05-07 20:57:00,315,1008776.4064,1632,108.93800,108.87600,Long,-68.9797
2018-05-08 01:54:00,316,1008938.2184,1745,108.93800,108.88000,Long,161.8121
2018-05-11 11:51:00,317,1008997.3115,1100,109.24400,109.15200,Long,59.0931
2018-05-13 18:03:00,318,1008889.1650,-2109,109.33400,109.38200,Short,-108.1465
2018-06-05 10:24:00,319,1008947.6864,964,109.70700,109.60200,Long,58.5214
2018-06-05 18:57:00,320,1009138.3417,830,109.59400,109.47200,Long,190.6553
2018-06-07 16:45:00,321,1009163.4779,633,109.63600,109.47600,Long,25.1362
2018-06-10 22:30:00,322,1009137.3622,-1511,109.47100,109.53800,Short,-26.1157
2018-06-17 21:30:00,323,1009029.4012,2025,110.51900,110.46900,Long,-107.9610
2018-06-18 18:27:00,324,1008960.7338,-3749,110.55500,110.58200,Short,-68.6674
2018-06-28 10:36:00,325,1009166.8581,2154,110.10900,110.06200,Long,206.1244
2018-06-29 08:57:00,326,1009174.0032,823,110.59800,110.47500,Long,7.1450
2018-07-04 20:00:00,327,1009061.9345,-3266,110.48900,110.52000,Short,-112.0687
2018-07-05 01:00:00,328,1009650.0149,-3615,110.57300,110.60100,Short,588.0804
2018-07-10 21:00:00,329,1009544.7901,1178,110.91600,110.83000,Long,-105.2247
2018-07-17 00:24:00,330,1009706.9169,-1809,112.49700,112.55300,Short,162.1267
2018-07-18 09:39:00,331,1009644.2537,1351,112.80300,112.72800,Long,-62.6632
2018-07-24 13:30:00,332,1009997.1465,1911,111.01400,110.96100,Long,352.8928
2018-07-30 12:57:00,333,1009930.4053,2356,110.96500,110.92200,Long,-66.7412
2018-08-07 18:03:00,334,1010012.3997,-3619,111.41900,111.44700,Short,81.9944
2018-08-16 12:39:00,335,1010292.0996,993,110.66100,110.55900,Long,279.6999
2018-08-20 11:51:00,336,1010177.8421,3898,110.42000,110.39400,Long,-114.2575
2018-08-22 11:03:00,337,1010070.3733,-1843,110.45100,110.50600,Short,-107.4688
2018-08-30 12:42:00,338,1009959.6468,2815,111.18500,111.14900,Long,-110.7265
2018-08-31 14:48:00,339,1009940.9297,-1221,110.98900,111.07200,Short,-18.7171
2018-09-03 21:15:00,340,1010031.8894,1949,110.95200,110.90000,Long,90.9597
2018-09-14 06:30:00,341,1009919.9260,3167,111.80400,111.77200,Long,-111.9635
2018-09-17 06:42:00,342,1009809.1711,-2814,111.98600,112.02200,Short,-110.7548
2018-09-17 08:00:00,343,1009801.0533,-5959,112.07400,112.09100,Short,-8.1178
2018-09-19 08:06:00,344,1009686.6051,3897,112.30200,112.27600,Long,-114.4482
2018-10-03 10:21:00,345,1009577.4479,-2302,113.99200,114.03600,Short,-109.1572
2018-10-04 12:15:00,346,1009527.4393,1033,113.74700,113.64900,Long,-50.0086
2018-10-10 08:09:00,347,1009528.8583,-2355,113.24400,113.28700,Short,1.4190
2018-10-11 09:48:00,348,1009425.6186,-606,112.25100,112.41800,Short,-103.2397
2018-10-17 06:15:00,349,1009315.3814,2665,112.19800,112.16000,Long,-110.2372
2018-10-24 11:51:00,350,1009465.6388,-1841,112.67200,112.72700,Short,150.2574
2018-10-28 23:30:00,351,1009615.8555,-1986,111.99500,112.04600,Short,150.2166
2018-10-31 22:39:00,352,1009591.0749,873,112.87400,112.75800,Long,-24.7805
2018-11-14 09:30:00,353,1009483.1236,-1948,113.93600,113.98800,Short,-107.9514
2018-11-15 16:06:00,354,1009477.2733,-913,113.59600,113.70700,Short,-5.8503
2018-12-07 08:39:00,355,1009366.8581,-2668,112.87100,112.90900,Short,-110.4152
2018-12-12 14:27:00,356,1009326.0819,1221,113.22200,113.13900,Long,-40.7762
2018-12-19 16:21:00,357,1009220.9801,-1102,112.54600,112.63800,Short,-105.1017
2018-12-21 16:00:00,358,1009238.9825,-1689,111.36600,111.42600,Short,18.0024
2018-12-30 18:27:00,359,1009127.1579,-3167,110.34300,110.37500,Short,-111.8246
2019-01-15 08:30:00,360,1009429.8485,5334,108.36000,108.34100,Long,302.6906
2019-01-22 10:24:00,361,1009469.3778,-2112,109.42800,109.47600,Short,39.5292
2019-01-22 22:00:00,362,1009360.2303,-2358,109.64800,109.69100,Short,-109.1475
2019-01-25 11:27:00,363,1009303.4100,1283,109.61000,109.53100,Long,-56.8203
2019-02-05 23:54:00,364,1009280.9224,603,109.79600,109.62800,Long,-22.4876
2019-02-06 16:48:00,365,1009171.7992,-2357,109.96000,110.00300,Short,-109.1232
2019-02-06 18:51:00,366,1009186.4481,-1369,109.97000,110.04400,Short,14.6490
2019-02-17 18:54:00,367,1009071.0933,-4223,110.55200,110.57600,Short,-115.3548
2019-02-18 22:51:00,368,1008949.9798,5962,110.49200,110.47500,Long,-121.1136
2019-02-20 14:00:00,369,1008835.1991,4053,110.68900,110.66400,Long,-114.7806
2019-02-26 17:03:00,370,1008801.4289,1045,110.56200,110.46500,Long,-33.7702
2019-03-04 13:15:00,371,1009641.4000,-3756,111.95700,111.98400,Short,839.9711
2019-03-05 14:18:00,372,1009676.9855,-534,111.94700,112.13700,Short,35.5855
2019-03-07 08:06:00,373,1009626.5944,-2360,111.75700,111.80000,Short,-50.3911
2019-03-12 11:27:00,374,1009828.1820,4059,111.13500,111.11000,Long,201.5876
2019-03-13 14:33:00,375,1009711.2827,4614,111.21500,111.19300,Long,-116.8993
2019-03-13 16:54:00,376,1009740.2065,1335,111.11700,111.04100,Long,28.9238
2019-03-15 11:33:00,377,1009717.6458,1057,111.48700,111.39100,Long,-22.5607
2019-03-21 08:39:00,378,1010080.0049,-3274,110.62600,110.65700,Short,362.3591
2019-03-25 15:54:00,379,1010190.9769,976,109.85600,109.75200,Long,110.9720
2019-04-08 13:12:00,380,1010172.7279,-1953,111.47500,111.52700,Short,-18.2490
2019-04-09 09:57:00,381,1011318.8292,-4414,111.35700,111.38000,Short,1146.1013
2019-04-15 09:30:00,382,1011241.4195,-1918,112.02300,112.07600,Short,-77.4097
2019-04-15 23:33:00,383,1011264.9373,2210,111.93500,111.88900,Long,23.5178
2019-04-23 02:33:00,384,1011447.3681,1564,111.75600,111.69100,Long,182.4308
2019-04-23 07:45:00,385,1011317.2676,-8472,111.89600,111.90800,Short,-130.1004
2019-04-24 00:24:00,386,1011519.8816,-1955,111.93100,111.98300,Short,202.6140
2019-04-24 19:00:00,387,1011771.9758,-1495,112.33200,112.40000,Short,252.0942
2019-04-26 11:12:00,388,1011785.2459,-262,111.64200,112.03000,Short,13.2701
2019-04-28 21:06:00,389,1011669.3747,-4237,111.60600,111.63000,Short,-115.8712
2019-05-09 21:30:00,390,1011559.7151,-2421,109.88100,109.92300,Short,-109.6596
2019-05-10 06:54:00,391,1011442.8267,-4621,109.85700,109.87900,Short,-116.8884
2019-05-12 18:03:00,392,1011414.8505,-535,109.78000,109.97000,Short,-27.9762
2019-05-12 20:21:00,393,1011569.6193,-1849,109.77700,109.83200,Short,154.7688
2019-05-15 13:30:00,394,1011640.9671,-884,109.57700,109.69200,Short,71.3478
2019-05-21 06:36:00,395,1011528.4113,-3281,110.20900,110.24000,Short,-112.5558
2019-05-29 13:54:00,396,1011417.9344,-2676,109.51600,109.55400,Short,-110.4769
2019-05-30 23:45:00,397,1011311.1800,1541,109.26800,109.20200,Long,-106.7544
2019-06-03 17:33:00,398,1011368.0197,1038,107.98100,107.88300,Long,56.8397
2019-06-10 10:27:00,399,1011402.0214,1495,108.52000,108.45200,Long,34.0017
2019-06-12 10:54:00,400,1011401.4062,-2421,108.46700,108.50900,Short,-0.6152
2019-06-12 14:42:00,401,1011403.7004,-3081,108.50800,108.54100,Short,2.2942
2019-06-13 10:33:00,402,1011356.4832,-2905,108.47200,108.50700,Short,-47.2172
2019-06-18 11:45:00,403,1011604.7991,-1816,108.60000,108.65600,Short,248.3158
2019-06-21 16:48:00,404,1013052.0223,-4068,107.71000,107.73500,Short,1447.2233
2019-06-24 07:42:00,405,1012941.7498,2612,107.29400,107.25500,Long,-110.2725
2019-06-24 08:15:00,406,1012893.8631,1697,107.30800,107.24800,Long,-47.8868
2019-06-25 13:18:00,407,1012788.6832,-1029,107.28400,107.38300,Short,-105.1798
2019-06-25 15:54:00,408,1012764.8559,-383,107.13700,107.40300,Short,-23.8273
2019-06-27 07:33:00,409,1012709.7206,1886,107.82600,107.77200,Long,-55.1353
2019-07-04 18:21:00,410,1012592.2120,-4849,107.80700,107.82800,Short,-117.5086
2019-07-09 15:42:00,411,1013239.2248,5359,108.74700,108.72800,Long,647.0128
2019-07-17 19:21:00,412,1013289.5940,2426,107.90100,107.85900,Long,50.3692
2019-07-21 18:18:00,413,1013436.5586,-1107,107.88600,107.97800,Short,146.9646
2019-07-31 07:18:00,414,1013310.9477,-7279,108.56800,108.58200,Short,-125.6109
2019-07-31 09:30:00,415,1013200.5734,-2612,108.59300,108.63200,Short,-110.3743
2019-07-31 14:36:00,416,1013096.5668,-641,108.71800,108.87700,Short,-104.0066
2019-08-05 09:27:00,417,1013079.8988,-970,106.13100,106.23600,Short,-16.6680
2019-08-08 10:42:00,418,1012975.4776,-790,106.08600,106.21500,Short,-104.4212
2019-08-08 12:39:00,419,1013215.0948,-2425,106.19100,106.23300,Short,239.6172
2019-08-08 15:54:00,420,1013271.2107,-712,106.09900,106.24200,Short,56.1160
2019-08-13 12:21:00,421,1013257.8135,-290,106.62600,106.97700,Short,-13.3973
2019-08-15 15:39:00,422,1013365.4360,989,105.90400,105.80100,Long,107.6225
2019-09-04 11:15:00,423,1013532.3666,-2426,106.29500,106.33700,Short,166.9306
2019-09-06 12:27:00,424,1013526.0701,1498,106.77600,106.70800,Long,-6.2965
2019-09-17 08:00:00,425,1013416.1250,2485,108.15800,108.11700,Long,-109.9451
2019-09-17 15:15:00,426,1013465.0876,1592,108.12000,108.05600,Long,48.9626
2019-09-20 11:45:00,427,1013452.3688,-1757,107.96800,108.02600,Short,-12.7188
2019-09-25 11:54:00,428,1013345.6677,-1498,107.70200,107.77000,Short,-106.7011
2019-10-01 11:03:00,429,1013239.1113,1455,107.89200,107.82200,Long,-106.5564
2019-10-08 07:00:00,430,1013128.6342,2681,106.95200,106.91400,Long,-110.4771
2019-10-15 14:57:00,431,1014310.6560,1886,108.21000,108.15600,Long,1182.0218
2019-10-17 15:36:00,432,1014436.3534,1728,108.54000,108.48100,Long,125.6973
2019-10-24 10:54:00,433,1014363.3436,1545,108.56000,108.49400,Long,-73.0097
2019-11-06 16:54:00,434,1014440.0825,1133,108.90700,108.81700,Long,76.7388
2019-11-17 22:48:00,435,1014396.4306,-2266,108.81100,108.85600,Short,-43.6519
2019-11-20 10:33:00,436,1014289.3358,-1569,108.62300,108.68800,Short,-107.0948
2019-11-21 11:21:00,437,1014542.9957,-4634,108.64600,108.66800,Short,253.6600
2019-12-12 03:27:00,438,1014943.5253,3290,108.49100,108.46000,Long,400.5296
2019-12-17 07:57:00,439,1015097.6838,5369,109.54500,109.52600,Long,154.1584
2019-12-17 23:18:00,440,1015057.3334,3924,109.43900,109.41300,Long,-40.3503
2019-12-20 08:30:00,441,1015158.5220,-3001,109.35400,109.38800,Short,101.1885
2019-12-27 07:09:00,442,1015039.7265,-5102,109.49000,109.51000,Short,-118.7955
2019-12-30 10:39:00,443,1015672.6699,-2126,109.17800,109.22600,Short,632.9434
2020-01-07 23:54:00,444,1015934.9131,587,107.83100,107.65700,Long,262.2432
2020-01-14 15:09:00,445,1016012.2987,3928,109.94300,109.91700,Long,77.3856
2020-01-21 11:21:00,446,1016208.3855,-1891,110.06700,110.12100,Short,196.0868
2020-01-23 08:33:00,447,1016323.9211,-2838,109.61600,109.65200,Short,115.5355
2020-01-29 22:48:00,448,1016214.5004,2221,108.92600,108.88000,Long,-109.4207
2020-02-07 13:36:00,449,1016449.4088,1731,109.63600,109.57700,Long,234.9084
2020-02-10 12:03:00,450,1016461.2688,1362,109.72700,109.65200,Long,11.8601
2020-02-14 02:15:00,451,1016498.1813,-2085,109.85200,109.90100,Short,36.9124
2020-02-16 19:24:00,452,1016520.0499,-2838,109.80100,109.83700,Short,21.8686
2020-02-16 21:03:00,453,1016398.0619,-6011,109.82100,109.83800,Short,-121.9880
2020-02-17 19:42:00,454,1016274.8508,6386,109.81400,109.79800,Long,-123.2111
2020-02-27 15:06:00,455,1016403.6167,-866,110.17100,110.28900,Short,128.7658
2020-03-08 19:09:00,456,1016560.2187,-524,104.40300,104.59800,Short,156.6020
2020-03-10 15:42:00,457,1017135.7738,331,103.68200,103.37300,Long,575.5551
2020-03-16 23:30:00,458,1017253.4784,-409,106.83600,107.08600,Short,117.7046
2020-04-08 11:00:00,459,1017343.1493,-591,108.93000,109.10300,Short,89.6709
2020-04-12 20:00:00,460,1017315.2696,-487,108.31600,108.52600,Short,-27.8797
2020-04-16 10:00:00,461,1017210.0707,921,107.52500,107.41400,Long,-105.1988
2020-04-21 12:33:00,462,1017099.1163,-2691,107.76100,107.79900,Short,-110.9545
2020-04-21 13:48:00,463,1016991.0598,-1794,107.79500,107.85200,Short,-108.0565
2020-04-21 14:48:00,464,1016995.4844,-1175,107.80600,107.89300,Short,4.4246
2020-05-04 20:03:00,465,1016896.6710,1893,106.69400,106.64000,Long,-98.8134
2020-05-08 11:24:00,466,1016999.6127,-973,106.61800,106.72300,Short,102.9416
2020-05-20 11:24:00,467,1016890.9517,2004,107.45200,107.40100,Long,-108.6609
2020-05-20 13:21:00,468,1016982.1097,1345,107.41300,107.33700,Long,91.1580
2020-05-21 14:51:00,469,1016925.1563,1232,107.65700,107.57400,Long,-56.9534
2020-05-25 17:24:00,470,1016855.1587,-3297,107.70800,107.73900,Short,-69.9976
2020-06-03 12:27:00,471,1017324.0935,1549,108.56400,108.49800,Long,468.9348
2020-06-04 07:09:00,472,1017213.8702,2435,108.91700,108.87500,Long,-110.2233
2020-06-19 13:42:00,473,1017376.4040,-1733,106.98600,107.04500,Short,162.5338
2020-06-21 20:09:00,474,1017267.0240,-2223,106.83800,106.88400,Short,-109.3800
2020-06-22 10:15:00,475,1017157.6430,2223,106.85300,106.80700,Long,-109.3810
2020-06-22 11:30:00,476,1017144.4262,2130,106.83900,106.79100,Long,-13.2168
2020-06-23 00:48:00,477,1017582.0189,1311,106.81500,106.73700,Long,437.5927
2020-06-24 10:30:00,478,1017476.9381,-889,106.82200,106.93700,Short,-105.0809
2020-07-02 08:51:00,479,1017370.6662,-1247,107.48300,107.56500,Short,-106.2719
2020-07-02 10:36:00,480,1017370.4163,-1100,107.57000,107.66300,Short,-0.2499
2020-07-03 15:39:00,481,1017487.6025,-5382,107.51700,107.53600,Short,117.1863
2020-07-12 21:15:00,482,1017462.0835,-1263,106.85300,106.93400,Short,-25.5190
2020-07-23 15:12:00,483,1018048.4567,-1573,107.16400,107.22900,Short,586.3732
2020-07-29 09:39:00,484,1018049.4649,-1190,105.08900,105.17500,Short,1.0082
2020-07-29 11:06:00,485,1017920.2532,-8527,105.12000,105.13200,Short,-129.2117
2020-07-30 08:30:00,486,1017812.9874,-1529,105.20900,105.27600,Short,-107.2659
2020-08-06 18:12:00,487,1017881.5015,-1463,105.57500,105.64500,Short,68.5141
2020-08-27 12:27:00,488,1017799.0139,-1348,106.47600,106.55200,Short,-82.4875
2020-09-03 14:03:00,489,1017693.9900,813,106.15000,106.02400,Long,-105.0239
2020-09-03 17:00:00,490,1018094.2997,4267,106.06100,106.03700,Long,400.3097
2020-09-07 11:09:00,491,1017972.6289,-6027,106.27100,106.28800,Short,-121.6708
2020-09-07 16:00:00,492,1017942.9018,-2439,106.28400,106.32600,Short,-29.7271
2020-09-11 09:36:00,493,1017824.1526,5122,106.15800,106.13800,Long,-118.7492
2020-09-28 12:45:00,494,1017815.9964,-1138,105.57500,105.66500,Short,-8.1562
2020-09-30 12:51:00,495,1017898.8543,1484,105.47000,105.40100,Long,82.8578
2020-10-01 13:51:00,496,1018004.2989,-1652,105.65000,105.71200,Short,105.4447
2020-10-04 19:27:00,497,1017899.1190,-861,105.45900,105.57800,Short,-105.1799
2020-10-09 08:42:00,498,1018013.4179,3104,105.85700,105.82400,Long,114.2989
2020-10-16 12:27:00,499,1017887.8327,-7318,105.38500,105.39900,Short,-125.5851
2020-10-25 18:00:00,500,1018248.3237,-2328,104.83900,104.88300,Short,360.4910
2020-10-25 18:36:00,501,1018135.1526,-3415,104.67800,104.70800,Short,-113.1712
2020-10-30 13:54:00,502,1018155.7410,-1601,104.65900,104.72300,Short,20.5885
2020-11-06 09:36:00,503,1018050.6575,-840,103.43600,103.55800,Short,-105.0835
2020-11-08 21:48:00,504,1018004.9397,-1897,103.35700,103.41100,Short,-45.7179
2020-11-11 20:39:00,505,1017897.3681,1626,105.30100,105.23800,Long,-107.5715
2020-11-22 17:24:00,506,1017864.8492,-2926,103.80100,103.83600,Short,-32.5189
2020-12-06 17:36:00,507,1017755.3247,-2276,104.09500,104.14000,Short,-109.5245
2020-12-07 10:51:00,508,1017790.1594,1296,104.01600,103.93700,Long,34.8347
2020-12-08 07:51:00,509,1017680.5085,-2327,104.08200,104.12600,Short,-109.6509
2020-12-11 00:03:00,510,1017638.6596,1735,104.03400,103.97500,Long,-41.8489
2020-12-13 22:36:00,511,1017634.7117,-1862,104.00700,104.06200,Short,-3.9479
2020-12-22 12:45:00,512,1017608.7104,-3657,103.67100,103.69900,Short,-26.0013
2021-01-03 20:27:00,513,1018082.2580,-2925,103.28100,103.31600,Short,473.5476
2021-01-13 13:06:00,514,1018015.6656,-1384,103.90800,103.98200,Short,-66.5924
2021-01-15 08:57:00,515,1018041.5226,-1862,103.76100,103.81600,Short,25.8570
2021-01-15 15:54:00,516,1017996.6204,-1862,103.85500,103.91000,Short,-44.9022
2021-01-15 17:42:00,517,1017959.6376,-1600,103.82800,103.89200,Short,-36.9828
2021-01-18 08:00:00,518,1017946.2163,-833,103.74700,103.87000,Short,-13.4213
2021-01-22 15:48:00,519,1017906.0659,-1177,103.78200,103.86900,Short,-40.1504
2021-01-25 13:39:00,520,1018151.4074,-4097,103.83000,103.85500,Short,245.3415
2021-01-27 13:09:00,521,1018040.3305,-2769,103.85200,103.88900,Short,-111.0769
2021-03-02 15:57:00,522,1017971.7062,1707,106.76000,106.70000,Long,-68.6243
2021-03-12 06:51:00,523,1017860.2550,-2768,108.84200,108.87900,Short,-111.4512
2021-03-17 10:57:00,524,1018024.9653,-2626,109.17100,109.21000,Short,164.7103
2021-03-17 12:21:00,525,1017913.7301,-2695,109.19300,109.23100,Short,-111.2352
2021-03-18 11:36:00,526,1018012.6062,-1078,109.17900,109.27400,Short,98.8761
2021-03-22 00:54:00,527,1017945.6445,-1234,108.84900,108.93200,Short,-66.9617
2021-03-22 17:30:00,528,1018051.8427,-1384,108.82600,108.90000,Short,106.1982
2021-03-24 10:15:00,529,1017942.8917,-2008,108.66700,108.71800,Short,-108.9510
2021-03-29 14:09:00,530,1017818.0152,-6827,109.73400,109.74900,Short,-124.8765
2021-03-29 14:54:00,531,1017706.2725,-2844,109.72500,109.76100,Short,-111.7427
2021-04-07 07:27:00,532,1017594.7793,-2767,109.83300,109.87000,Short,-111.4932
2021-04-07 08:12:00,533,1017487.2175,-1575,109.84000,109.90500,Short,-107.5619
2021-04-15 06:06:00,534,1017360.9745,-7311,108.93200,108.94600,Short,-126.2430
2021-04-22 11:48:00,535,1017351.9988,-2769,108.04900,108.08600,Short,-8.9756
2021-04-26 00:12:00,536,1017423.5922,-3013,107.92400,107.95800,Short,71.5933
2021-05-05 09:09:00,537,1017475.1462,-1485,109.41000,109.47900,Short,51.5541
2021-05-07 13:21:00,538,1018374.4321,-1863,109.23200,109.28700,Short,899.2859
2021-05-11 11:18:00,539,1018266.1232,1768,108.74700,108.68900,Long,-108.3089
2021-05-11 13:00:00,540,1018158.8047,1465,108.56900,108.49900,Long,-107.3185
2021-05-25 09:39:00,541,1018049.8278,-1972,108.79000,108.84200,Short,-108.9769
2021-05-25 14:51:00,542,1018016.0187,-861,108.94500,109.06400,Short,-33.8091
2021-06-01 08:00:00,543,1017901.8931,-3535,109.51100,109.54000,Short,-114.1256
2021-06-09 07:03:00,544,1017929.5543,-2847,109.45700,109.49300,Short,27.6612
2021-06-20 23:42:00,545,1017875.2822,-1680,110.18800,110.24900,Short,-54.2720
2021-06-24 18:09:00,546,1017954.7776,1079,110.75600,110.66100,Long,79.4953
2021-06-25 19:09:00,547,1018220.9403,1079,110.57000,110.47500,Long,266.1628
2021-06-30 08:03:00,548,1018110.5274,-2384,110.51500,110.55800,Short,-110.4130
2021-07-09 15:15:00,549,1018004.3730,-1091,110.09700,110.19100,Short,-106.1544
2021-07-15 21:00:00,550,1018979.0719,-4881,110.04800,110.06900,Short,974.6989
2021-07-16 18:27:00,551,1019289.8070,-1739,110.28300,110.34200,Short,310.7350
2021-07-20 11:06:00,552,1019444.4352,-1006,109.64300,109.74500,Short,154.6282
2021-07-29 07:42:00,553,1019335.2876,-1974,109.80500,109.85700,Short,-109.1476
2021-08-04 07:24:00,554,1019217.3655,-4666,109.11000,109.13200,Short,-117.9221
2021-08-04 13:48:00,555,1019922.2948,-2138,109.18800,109.23600,Short,704.9293
2021-08-09 16:18:00,556,1019814.9341,-1407,110.22900,110.30200,Short,-107.3607
2021-08-19 07:57:00,557,1019708.8526,1027,109.85500,109.75500,Long,-106.0816
2021-08-20 07:27:00,558,1019600.4715,1740,109.65900,109.60000,Long,-108.3811
2021-08-22 21:15:00,559,1019489.3911,2566,109.68300,109.64300,Long,-111.0803
2021-08-23 14:39:00,560,1019382.7766,1194,109.81600,109.73000,Long,-106.6145
2021-08-31 16:57:00,561,1019541.3408,749,109.74400,109.60700,Long,158.5642
2021-09-01 16:18:00,562,1019571.5235,1532,109.92700,109.86000,Long,30.1827
2021-09-07 11:45:00,563,1019454.1536,-4463,109.97100,109.99400,Short,-117.3699
2021-09-16 11:12:00,564,1019395.5211,-2231,109.38400,109.43000,Short,-58.6325
2021-09-16 16:48:00,565,1019359.9167,-708,109.67000,109.81500,Short,-35.6044
2021-09-27 07:48:00,566,1019287.1174,-1316,110.67100,110.74900,Short,-72.7992
2021-09-30 16:54:00,567,1019181.7730,796,111.53800,111.40900,Long,-105.3444
2021-10-06 10:27:00,568,1019073.9462,1555,111.46600,111.40000,Long,-107.8268
2021-10-19 16:21:00,569,1019017.9149,-1386,114.25800,114.33200,Short,-56.0313
2021-10-20 12:39:00,570,1018911.3486,1153,114.26300,114.17400,Long,-106.5663
2021-10-20 20:57:00,571,1018966.3645,728,114.21100,114.07000,Long,55.0159
2021-10-27 11:57:00,572,1018932.6351,777,113.69800,113.56600,Long,-33.7294
2021-11-03 23:06:00,573,1018891.4372,-345,113.92000,114.21700,Short,-41.1979
2021-11-11 23:30:00,574,1019151.8548,1554,113.86600,113.80000,Long,260.4176
2021-11-12 13:42:00,575,1019043.4107,1710,113.98100,113.92100,Long,-108.4441
2021-11-28 21:24:00,576,1018935.4777,-1555,113.74300,113.80900,Short,-107.9330
2021-12-01 08:42:00,577,1018978.3333,-1140,113.53700,113.62700,Short,42.8556
2021-12-06 15:12:00,578,1018871.3406,-1283,113.16700,113.24700,Short,-106.9927
2021-12-10 13:21:00,579,1018867.3150,-2850,113.74800,113.78400,Short,-4.0256
2021-12-14 16:57:00,580,1019074.8866,1487,113.49400,113.42500,Long,207.5717
2021-12-15 07:33:00,581,1018964.1543,2386,113.68300,113.64000,Long,-110.7324
2021-12-19 20:51:00,582,1018896.3088,-220,113.25200,113.71900,Short,-67.8455
2021-12-20 00:06:00,583,1019103.1825,-2850,113.68200,113.71800,Short,206.8737
2021-12-21 13:00:00,584,1019301.3557,2932,113.60300,113.56800,Long,198.1732
2022-01-05 13:42:00,585,1019278.2619,1128,115.79100,115.70000,Long,-23.0938
2022-01-12 18:27:00,586,1019430.6302,-302,115.13100,115.47100,Short,152.3683
2022-02-03 11:15:00,587,1019316.1919,-3422,114.76200,114.79200,Short,-114.4384
2022-02-11 11:45:00,588,1019299.6900,893,115.98500,115.87000,Long,-16.5018
2022-02-20 23:54:00,589,1019403.7379,-2566,115.00100,115.04100,Short,104.0478
2022-02-23 20:09:00,590,1019294.7704,1833,114.97600,114.92000,Long,-108.9675
2022-02-24 14:51:00,591,1019188.8455,-942,115.00400,115.11300,Short,-105.9249
2022-02-28 10:21:00,592,1019056.5479,-8553,115.61100,115.62300,Short,-132.2975
2022-03-03 17:48:00,593,1019047.4785,1659,115.56200,115.50000,Long,-9.0694
2022-03-15 08:21:00,594,1018942.9998,487,118.05500,117.84400,Long,-104.4787
2022-03-17 09:45:00,595,1018834.2384,1659,118.67600,118.61400,Long,-108.7614
2022-03-21 12:18:00,596,1018837.0520,-1977,119.22300,119.27500,Short,2.8136
2022-04-01 18:06:00,597,1018936.4758,-517,122.83400,123.03300,Short,99.4238
2022-04-12 16:15:00,598,1018943.4128,427,125.11300,124.87200,Long,6.9370
2022-04-27 07:51:00,599,1019128.4674,-1607,128.03800,128.10200,Short,185.0546
2022-04-27 13:12:00,600,1019076.4245,-756,128.06000,128.19600,Short,-52.0429
2022-05-04 22:12:00,601,1019079.4664,-101,129.36100,130.38100,Short,3.0419
2022-05-09 18:54:00,602,1019158.5253,1039,130.20900,130.11000,Long,79.0589
2022-05-09 19:27:00,603,1019049.3323,1632,130.31200,130.24900,Long,-109.1930
2022-05-16 11:45:00,604,1018944.3406,-571,129.29400,129.47400,Short,-104.9917
2022-05-23 00:36:00,605,1019088.7930,-1428,127.98900,128.06100,Short,144.4525
2022-05-30 07:15:00,606,1018979.4132,-1714,127.24500,127.30500,Short,-109.3799
2022-06-14 15:39:00,607,1018873.4919,-751,134.81400,134.95100,Short,-105.9213
2022-06-16 09:51:00,608,1020037.2554,-779,134.51100,134.64300,Short,1163.7635
2022-06-21 00:18:00,609,1019927.2283,-1745,135.15100,135.21000,Short,-110.0271
2022-06-24 11:57:00,610,1019820.7944,-858,135.08200,135.20200,Short,-106.4339
2022-06-30 20:57:00,611,1019713.6055,1040,135.63900,135.54000,Long,-107.1888
2022-07-05 11:54:00,612,1019802.4421,613,135.81600,135.64800,Long,88.8366
2022-07-20 08:30:00,613,1019795.3632,-774,138.20000,138.33300,Short,-7.0789
2022-07-21 17:33:00,614,1019698.1742,387,138.05900,137.79300,Long,-97.1890
2022-07-27 13:30:00,615,1019780.5854,705,136.70500,136.55900,Long,82.4111
2022-07-27 20:57:00,616,1019675.7821,485,136.52200,136.31000,Long,-104.8033
2022-08-09 14:48:00,617,1019603.6077,-668,134.95100,135.10500,Short,-72.1743
2022-08-24 16:18:00,618,1019568.8927,-299,136.89900,137.24300,Short,-34.7150
2022-08-24 21:00:00,619,1019586.9727,-1302,137.10500,137.18400,Short,18.0800
2022-09-02 16:00:00,620,1019602.0529,1019,140.01600,139.91500,Long,15.0801
2022-09-12 14:00:00,621,1019595.3885,591,142.55500,142.38100,Long,-6.6644
2022-09-19 00:06:00,622,1019590.0774,-110,142.78600,143.72000,Short,-5.3110
2022-09-22 17:27:00,623,1019719.2601,142,141.18700,140.46200,Long,129.1826
2022-09-30 06:09:00,624,1019608.5531,1805,144.50700,144.45000,Long,-110.7070
2022-09-30 06:24:00,625,1019497.9745,1774,144.48800,144.43000,Long,-110.5786
2022-10-05 15:15:00,626,1019389.3034,-1336,144.76600,144.84300,Short,-108.6711
2022-10-06 08:27:00,627,1019278.4643,-1837,144.62400,144.68000,Short,-110.8391
2022-10-06 10:33:00,628,1019164.4657,-2571,144.71200,144.75200,Short,-113.9986
2022-10-20 14:54:00,629,1019056.9530,1049,149.78800,149.69000,Long,-107.5127
2022-10-28 11:51:00,630,1019201.9475,-803,147.61400,147.74200,Short,144.9945
2022-11-01 06:54:00,631,1019096.6125,565,147.97200,147.79000,Long,-105.3350
2022-11-01 12:18:00,632,1019049.0602,544,147.15900,146.97000,Long,-47.5523
2022-11-09 15:39:00,633,1019090.0251,-879,146.48300,146.60000,Short,40.9649
2022-11-09 22:00:00,634,1019202.9050,-871,146.59700,146.71500,Short,112.8799
2022-11-15 09:03:00,635,1019098.5874,371,139.59700,139.32000,Long,-104.3176
2022-11-25 09:15:00,636,1018992.1758,-864,138.83500,138.95400,Short,-106.4115
2022-11-30 10:27:00,637,1018887.2332,-535,138.67700,138.86900,Short,-104.9427
2022-11-30 13:30:00,638,1018810.6811,-337,138.80300,139.10800,Short,-76.5520
2022-11-30 17:36:00,639,1018908.0398,-447,139.62000,139.85000,Short,97.3587
2022-12-06 16:03:00,640,1019146.3320,699,136.17700,136.03000,Long,238.2921
2022-12-07 15:09:00,641,1019041.3434,530,136.58400,136.39000,Long,-104.9886
2022-12-08 16:51:00,642,1018934.8241,902,136.52400,136.41000,Long,-106.5193
2022-12-15 00:00:00,643,1018906.7377,-130,135.19700,135.98600,Short,-28.0864
2022-12-16 08:27:00,644,1018800.0081,952,137.13800,137.03000,Long,-106.7296
2022-12-22 17:06:00,645,1018711.8510,-501,132.24500,132.45000,Short,-88.1571
2022-12-26 07:54:00,646,1018644.4979,-1142,132.66200,132.75200,Short,-67.3531
2022-12-28 14:15:00,647,1018618.2910,655,133.72000,133.56300,Long,-26.2069
2023-01-16 17:27:00,648,1018494.6159,-5410,128.70100,128.72000,Short,-123.6751
2023-01-17 16:45:00,649,1018389.1772,699,128.22300,128.07600,Long,-105.4388
2023-01-27 12:54:00,650,1018483.9079,1168,129.74700,129.65900,Long,94.7307
2023-01-30 00:00:00,651,1018434.3536,-709,129.84000,129.98500,Short,-49.5543
2023-02-07 08:27:00,652,1018329.4349,530,132.18400,131.99000,Long,-104.9186
2023-02-27 08:57:00,653,1018471.3269,-1511,136.36900,136.43700,Short,141.8920
2023-02-28 16:15:00,654,1018360.3353,2015,136.14100,136.09000,Long,-110.9916
2023-03-03 16:42:00,655,1018430.6552,634,136.06000,135.89800,Long,70.3200
2023-03-07 08:48:00,656,1018325.6264,544,135.77900,135.59000,Long,-105.0288
2023-03-12 22:15:00,657,1018675.3914,-550,134.81400,135.00100,Short,349.7650
2023-03-21 07:21:00,658,1018567.8550,-1209,131.63800,131.72300,Short,-107.5364
2023-03-26 21:15:00,659,1018874.5976,-1631,130.79900,130.86200,Short,306.7426
2023-04-06 13:54:00,660,1018767.7395,-1028,131.68500,131.78500,Short,-106.8581
2023-04-10 08:12:00,661,1018658.1737,1713,132.10500,132.04500,Long,-109.5658
2023-04-14 12:30:00,662,1018547.6911,-1939,132.69100,132.74400,Short,-110.4826
2023-04-18 13:45:00,663,1018594.9262,630,134.04300,133.88000,Long,47.2351
2023-04-20 14:03:00,664,1018489.6677,634,134.26200,134.10000,Long,-105.2586
2023-04-20 14:45:00,665,1018381.2967,1389,134.10200,134.02800,Long,-108.3709
2023-04-21 15:03:00,666,1018276.6493,-463,134.23000,134.45200,Short,-104.6474
2023-05-05 07:12:00,667,1018162.4233,-2854,134.14000,134.17600,Short,-114.2260
2023-05-09 07:45:00,668,1018139.4484,997,134.82300,134.72000,Long,-22.9750
2023-05-26 09:24:00,669,1018142.7940,878,139.64000,139.52300,Long,3.3457
