Date,Open,High,Low,Close,Volume,timestamp
2022-12-14 00:00:00,1.06242,1.06296,1.0622,1.06284,376,1670976000000
2022-12-14 00:03:00,1.0628,1.0631,1.0625,1.06309,439,1670976180000
2022-12-14 00:06:00,1.06311,1.06312,1.0628,1.06305,351,1670976360000
2022-12-14 00:09:00,1.06303,1.06323,1.0629,1.06319,314,1670976540000
2022-12-14 00:12:00,1.0632,1.06332,1.0629,1.06312,367,1670976720000
2022-12-14 00:15:00,1.06315,1.06335,1.063,1.06335,285,1670976900000
2022-12-14 00:18:00,1.0633,1.0634,1.0631,1.06315,262,1670977080000
2022-12-14 00:21:00,1.0631,1.06324,1.06277,1.06279,300,1670977260000
2022-12-14 00:24:00,1.06282,1.0629,1.0623,1.06244,417,1670977440000
2022-12-14 00:27:00,1.06243,1.06275,1.0622,1.06267,394,1670977620000
2022-12-14 00:30:00,1.0627,1.06287,1.0625,1.06285,335,1670977800000
2022-12-14 00:33:00,1.06284,1.06294,1.0626,1.06273,368,1670977980000
2022-12-14 00:36:00,1.06274,1.06293,1.0626,1.06277,405,1670978160000
2022-12-14 00:39:00,1.06274,1.0628,1.0624,1.06264,408,1670978340000
2022-12-14 00:42:00,1.06265,1.06302,1.0624,1.06301,408,1670978520000
2022-12-14 00:45:00,1.06304,1.06312,1.0627,1.06281,384,1670978700000
2022-12-14 00:48:00,1.06283,1.0631,1.0625,1.06291,389,1670978880000
2022-12-14 00:51:00,1.06292,1.06316,1.0627,1.06309,475,1670979060000
2022-12-14 00:54:00,1.0631,1.0637,1.063,1.0636,602,1670979240000
2022-12-14 00:57:00,1.06359,1.06382,1.0633,1.06358,472,1670979420000
2022-12-14 01:00:00,1.0636,1.06389,1.0632,1.0632,525,1670979600000
2022-12-14 01:03:00,1.06336,1.06358,1.0631,1.06339,512,1670979780000
2022-12-14 01:06:00,1.06338,1.0635,1.063,1.06348,456,1670979960000
2022-12-14 01:09:00,1.06349,1.0635,1.0631,1.06332,353,1670980140000
2022-12-14 01:12:00,1.06333,1.06342,1.063,1.0634,351,1670980320000
2022-12-14 01:15:00,1.06341,1.06376,1.0633,1.06364,512,1670980500000
2022-12-14 01:18:00,1.06365,1.0637,1.0632,1.0635,372,1670980680000
2022-12-14 01:21:00,1.06357,1.06364,1.0633,1.06351,449,1670980860000
2022-12-14 01:24:00,1.06347,1.06363,1.0633,1.06336,380,1670981040000
2022-12-14 01:27:00,1.0632,1.0634,1.063,1.06318,387,1670981220000
2022-12-14 01:30:00,1.06319,1.06354,1.063,1.06346,537,1670981400000
2022-12-14 01:33:00,1.06343,1.06365,1.0632,1.06362,531,1670981580000
2022-12-14 01:36:00,1.06361,1.0638,1.0634,1.0634,356,1670981760000
2022-12-14 01:39:00,1.06358,1.06386,1.0633,1.06339,431,1670981940000
2022-12-14 01:42:00,1.06338,1.0635,1.0631,1.06323,435,1670982120000
2022-12-14 01:45:00,1.06323,1.0634,1.0631,1.06329,409,1670982300000
2022-12-14 01:48:00,1.06331,1.06344,1.0631,1.0633,439,1670982480000
2022-12-14 01:51:00,1.06331,1.0635,1.0631,1.06342,387,1670982660000
2022-12-14 01:54:00,1.06343,1.06356,1.0631,1.06345,311,1670982840000
2022-12-14 01:57:00,1.0633,1.06357,1.0632,1.06347,355,1670983020000
2022-12-14 02:00:00,1.06348,1.06356,1.0632,1.06336,384,1670983200000
2022-12-14 02:03:00,1.06337,1.06358,1.0632,1.0635,386,1670983380000
2022-12-14 02:06:00,1.06354,1.06384,1.0634,1.06357,450,1670983560000
2022-12-14 02:09:00,1.0636,1.0637,1.0633,1.06347,403,1670983740000
2022-12-14 02:12:00,1.06348,1.0636,1.0632,1.06338,377,1670983920000
2022-12-14 02:15:00,1.06338,1.0634,1.063,1.06315,342,1670984100000
2022-12-14 02:18:00,1.06319,1.06327,1.0629,1.06327,356,1670984280000
2022-12-14 02:21:00,1.06326,1.06356,1.063,1.06343,350,1670984460000
2022-12-14 02:24:00,1.06342,1.0635,1.0631,1.06325,361,1670984640000
2022-12-14 02:27:00,1.06326,1.06332,1.063,1.06316,346,1670984820000
2022-12-14 02:30:00,1.06315,1.0633,1.0627,1.06284,330,1670985000000
2022-12-14 02:33:00,1.06283,1.06292,1.0626,1.06287,411,1670985180000
2022-12-14 02:36:00,1.06291,1.06311,1.0627,1.06305,340,1670985360000
2022-12-14 02:39:00,1.06306,1.0631,1.0626,1.06271,267,1670985540000
2022-12-14 02:42:00,1.06272,1.0629,1.0626,1.06276,305,1670985720000
2022-12-14 02:45:00,1.06275,1.06293,1.0626,1.06283,311,1670985900000
2022-12-14 02:48:00,1.06284,1.063,1.0627,1.06286,262,1670986080000
2022-12-14 02:51:00,1.06281,1.06295,1.0625,1.06286,257,1670986260000
2022-12-14 02:54:00,1.06283,1.0629,1.0625,1.0628,240,1670986440000
2022-12-14 02:57:00,1.06279,1.06285,1.0625,1.0626,339,1670986620000
2022-12-14 03:00:00,1.06276,1.0628,1.0625,1.06274,218,1670986800000
2022-12-14 03:03:00,1.0627,1.0628,1.0624,1.06249,196,1670986980000
2022-12-14 03:06:00,1.0625,1.06272,1.0623,1.06266,224,1670987160000
2022-12-14 03:09:00,1.06266,1.06271,1.0624,1.0626,215,1670987340000
2022-12-14 03:12:00,1.06261,1.06266,1.0623,1.06254,227,1670987520000
2022-12-14 03:15:00,1.06255,1.0626,1.0623,1.06254,237,1670987700000
2022-12-14 03:18:00,1.06254,1.0626,1.0623,1.06253,198,1670987880000
2022-12-14 03:21:00,1.06254,1.0626,1.0623,1.06248,152,1670988060000
2022-12-14 03:24:00,1.06251,1.06255,1.0623,1.06247,163,1670988240000
2022-12-14 03:27:00,1.06246,1.06255,1.0623,1.06253,211,1670988420000
2022-12-14 03:30:00,1.06249,1.06287,1.0623,1.06284,264,1670988600000
2022-12-14 03:33:00,1.06285,1.0629,1.0626,1.06289,252,1670988780000
2022-12-14 03:36:00,1.0629,1.06291,1.0625,1.0626,243,1670988960000
2022-12-14 03:39:00,1.06268,1.06283,1.0625,1.0627,141,1670989140000
2022-12-14 03:42:00,1.06276,1.06283,1.0626,1.06279,172,1670989320000
2022-12-14 03:45:00,1.06283,1.0629,1.0626,1.0628,160,1670989500000
2022-12-14 03:48:00,1.06284,1.06285,1.0626,1.06272,194,1670989680000
2022-12-14 03:51:00,1.06276,1.0628,1.0625,1.06275,206,1670989860000
2022-12-14 03:54:00,1.06273,1.06275,1.0624,1.06264,306,1670990040000
2022-12-14 03:57:00,1.06265,1.06271,1.0624,1.06259,348,1670990220000
2022-12-14 04:00:00,1.06258,1.06261,1.0623,1.06248,244,1670990400000
2022-12-14 04:03:00,1.06247,1.0626,1.0623,1.06259,146,1670990580000
2022-12-14 04:06:00,1.06261,1.0627,1.0623,1.06258,198,1670990760000
2022-12-14 04:09:00,1.06255,1.0626,1.0622,1.06244,185,1670990940000
2022-12-14 04:12:00,1.06243,1.06263,1.0623,1.06263,194,1670991120000
2022-12-14 04:15:00,1.06264,1.06264,1.0624,1.06256,161,1670991300000
2022-12-14 04:18:00,1.0626,1.0626,1.0623,1.0625,177,1670991480000
2022-12-14 04:21:00,1.06251,1.06253,1.0621,1.0622,238,1670991660000
2022-12-14 04:24:00,1.06217,1.06234,1.062,1.06225,212,1670991840000
2022-12-14 04:27:00,1.0621,1.06238,1.062,1.06235,187,1670992020000
2022-12-14 04:30:00,1.06236,1.0625,1.0622,1.06237,191,1670992200000
2022-12-14 04:33:00,1.06232,1.06241,1.0622,1.06233,179,1670992380000
2022-12-14 04:36:00,1.06235,1.0624,1.0619,1.06212,260,1670992560000
2022-12-14 04:39:00,1.06213,1.06224,1.0619,1.0621,241,1670992740000
2022-12-14 04:42:00,1.06211,1.06224,1.0619,1.06223,284,1670992920000
2022-12-14 04:45:00,1.06224,1.06225,1.0619,1.06213,298,1670993100000
2022-12-14 04:48:00,1.06215,1.0622,1.0618,1.06204,278,1670993280000
2022-12-14 04:51:00,1.06203,1.06213,1.0618,1.0621,166,1670993460000
2022-12-14 04:54:00,1.06212,1.06225,1.0619,1.06221,236,1670993640000
2022-12-14 04:57:00,1.0621,1.06244,1.062,1.06237,270,1670993820000
2022-12-14 05:00:00,1.0624,1.0626,1.0622,1.06253,295,1670994000000
2022-12-14 05:03:00,1.06254,1.06257,1.0623,1.06241,243,1670994180000
2022-12-14 05:06:00,1.06243,1.0625,1.0622,1.06239,294,1670994360000
2022-12-14 05:09:00,1.06243,1.06275,1.0622,1.06244,248,1670994540000
2022-12-14 05:12:00,1.06247,1.0628,1.0623,1.0627,286,1670994720000
2022-12-14 05:15:00,1.06264,1.06284,1.0625,1.06276,246,1670994900000
2022-12-14 05:18:00,1.06273,1.0629,1.0626,1.06278,184,1670995080000
2022-12-14 05:21:00,1.06276,1.0629,1.0626,1.06286,209,1670995260000
2022-12-14 05:24:00,1.06284,1.0629,1.0625,1.06264,242,1670995440000
2022-12-14 05:27:00,1.06267,1.0629,1.0625,1.06286,296,1670995620000
2022-12-14 05:30:00,1.06285,1.0629,1.0626,1.0627,279,1670995800000
2022-12-14 05:33:00,1.06271,1.0628,1.0624,1.06265,228,1670995980000
2022-12-14 05:36:00,1.06262,1.06285,1.0625,1.06274,230,1670996160000
2022-12-14 05:39:00,1.06272,1.06299,1.0626,1.06274,342,1670996340000
2022-12-14 05:42:00,1.06275,1.06296,1.0627,1.06292,274,1670996520000
2022-12-14 05:45:00,1.0629,1.06305,1.0625,1.06261,286,1670996700000
2022-12-14 05:48:00,1.06258,1.0627,1.0623,1.06265,315,1670996880000
2022-12-14 05:51:00,1.06264,1.06276,1.0625,1.06267,332,1670997060000
2022-12-14 05:54:00,1.06267,1.06293,1.0625,1.06259,353,1670997240000
2022-12-14 05:57:00,1.06251,1.06269,1.0624,1.0626,434,1670997420000
2022-12-14 06:00:00,1.06262,1.06307,1.0625,1.063,423,1670997600000
2022-12-14 06:03:00,1.06303,1.06332,1.0628,1.06326,502,1670997780000
2022-12-14 06:06:00,1.06316,1.06331,1.0628,1.06307,549,1670997960000
2022-12-14 06:09:00,1.06308,1.06312,1.0627,1.06308,459,1670998140000
2022-12-14 06:12:00,1.06312,1.06315,1.0627,1.06309,423,1670998320000
2022-12-14 06:15:00,1.0631,1.06342,1.0629,1.06339,492,1670998500000
2022-12-14 06:18:00,1.06339,1.06375,1.0632,1.06352,523,1670998680000
2022-12-14 06:21:00,1.06355,1.06375,1.0632,1.06361,451,1670998860000
2022-12-14 06:24:00,1.06356,1.06382,1.0634,1.06372,469,1670999040000
2022-12-14 06:27:00,1.06371,1.0639,1.0634,1.06361,394,1670999220000
2022-12-14 06:30:00,1.06362,1.06374,1.0634,1.06366,429,1670999400000
2022-12-14 06:33:00,1.06366,1.06376,1.0633,1.06373,343,1670999580000
2022-12-14 06:36:00,1.06372,1.06396,1.0635,1.0639,467,1670999760000
2022-12-14 06:39:00,1.06383,1.06404,1.0636,1.06398,429,1670999940000
2022-12-14 06:42:00,1.06396,1.064,1.0636,1.06363,356,1671000120000
2022-12-14 06:45:00,1.0636,1.06385,1.0635,1.06384,388,1671000300000
2022-12-14 06:48:00,1.06384,1.06385,1.0633,1.06363,368,1671000480000
2022-12-14 06:51:00,1.06366,1.0639,1.0634,1.06385,519,1671000660000
2022-12-14 06:54:00,1.06382,1.06388,1.0635,1.06374,404,1671000840000
2022-12-14 06:57:00,1.06372,1.06403,1.0636,1.06375,538,1671001020000
2022-12-14 07:00:00,1.06375,1.06424,1.0635,1.06402,713,1671001200000
2022-12-14 07:03:00,1.06407,1.06407,1.0635,1.06354,577,1671001380000
2022-12-14 07:06:00,1.06357,1.06387,1.06327,1.06332,646,1671001560000
2022-12-14 07:09:00,1.06333,1.0635,1.063,1.06327,497,1671001740000
2022-12-14 07:12:00,1.06328,1.06341,1.063,1.06321,520,1671001920000
2022-12-14 07:15:00,1.0632,1.0633,1.0629,1.06297,475,1671002100000
2022-12-14 07:18:00,1.06298,1.06344,1.0628,1.06318,469,1671002280000
2022-12-14 07:21:00,1.06319,1.06332,1.0627,1.06297,549,1671002460000
2022-12-14 07:24:00,1.06294,1.063,1.0624,1.06245,547,1671002640000
2022-12-14 07:27:00,1.06246,1.06264,1.0621,1.0621,493,1671002820000
2022-12-14 07:30:00,1.06221,1.06253,1.0619,1.06206,534,1671003000000
2022-12-14 07:33:00,1.06208,1.0627,1.0619,1.06245,592,1671003180000
2022-12-14 07:36:00,1.06244,1.06263,1.0623,1.06252,508,1671003360000
2022-12-14 07:39:00,1.06254,1.06285,1.0624,1.06258,523,1671003540000
2022-12-14 07:42:00,1.06265,1.06267,1.0623,1.06254,509,1671003720000
2022-12-14 07:45:00,1.06252,1.06254,1.0619,1.06241,503,1671003900000
2022-12-14 07:48:00,1.06245,1.06251,1.0621,1.06231,596,1671004080000
2022-12-14 07:51:00,1.06228,1.06245,1.0621,1.06237,483,1671004260000
2022-12-14 07:54:00,1.06238,1.06254,1.0621,1.06254,526,1671004440000
2022-12-14 07:57:00,1.06255,1.06316,1.0623,1.06296,676,1671004620000
2022-12-14 08:00:00,1.06297,1.0632,1.06249,1.06301,817,1671004800000
2022-12-14 08:03:00,1.06302,1.06327,1.06212,1.06226,731,1671004980000
2022-12-14 08:06:00,1.06227,1.06259,1.0618,1.06247,719,1671005160000
2022-12-14 08:09:00,1.06244,1.06317,1.0622,1.06314,620,1671005340000
2022-12-14 08:12:00,1.06314,1.06319,1.0628,1.06289,619,1671005520000
2022-12-14 08:15:00,1.06284,1.0633,1.0627,1.06326,620,1671005700000
2022-12-14 08:18:00,1.06315,1.06363,1.063,1.06356,614,1671005880000
2022-12-14 08:21:00,1.06349,1.06376,1.06327,1.06343,645,1671006060000
2022-12-14 08:24:00,1.06344,1.06366,1.06319,1.06342,491,1671006240000
2022-12-14 08:27:00,1.06341,1.0635,1.0628,1.06309,656,1671006420000
2022-12-14 08:30:00,1.06307,1.06445,1.06307,1.06403,681,1671006600000
2022-12-14 08:33:00,1.06402,1.06404,1.0635,1.06368,626,1671006780000
2022-12-14 08:36:00,1.06375,1.06388,1.0632,1.06344,673,1671006960000
2022-12-14 08:39:00,1.06345,1.0638,1.0632,1.06375,611,1671007140000
2022-12-14 08:42:00,1.06374,1.06399,1.0635,1.0636,529,1671007320000
2022-12-14 08:45:00,1.06368,1.06426,1.0634,1.06405,684,1671007500000
2022-12-14 08:48:00,1.06404,1.06442,1.0638,1.06422,521,1671007680000
2022-12-14 08:51:00,1.06423,1.0643,1.0638,1.06381,551,1671007860000
2022-12-14 08:54:00,1.0638,1.06419,1.0637,1.06397,521,1671008040000
2022-12-14 08:57:00,1.06396,1.06435,1.0638,1.06424,547,1671008220000
2022-12-14 09:00:00,1.06421,1.06452,1.0638,1.064,760,1671008400000
2022-12-14 09:03:00,1.06401,1.06434,1.0638,1.06419,679,1671008580000
2022-12-14 09:06:00,1.06421,1.0647,1.0641,1.0644,620,1671008760000
2022-12-14 09:09:00,1.0644,1.06483,1.0642,1.06483,566,1671008940000
2022-12-14 09:12:00,1.06475,1.06484,1.0642,1.06435,532,1671009120000
2022-12-14 09:15:00,1.06434,1.06466,1.0641,1.06457,545,1671009300000
2022-12-14 09:18:00,1.06458,1.0651,1.0644,1.06469,557,1671009480000
2022-12-14 09:21:00,1.06463,1.06501,1.0645,1.06484,579,1671009660000
2022-12-14 09:24:00,1.06485,1.06518,1.06457,1.06511,528,1671009840000
2022-12-14 09:27:00,1.06508,1.06543,1.0648,1.06527,650,1671010020000
2022-12-14 09:30:00,1.06534,1.06536,1.0648,1.06502,628,1671010200000
2022-12-14 09:33:00,1.0651,1.06531,1.0647,1.0652,631,1671010380000
2022-12-14 09:36:00,1.06521,1.06565,1.065,1.06542,540,1671010560000
2022-12-14 09:39:00,1.06548,1.06606,1.0654,1.06602,609,1671010740000
2022-12-14 09:42:00,1.06599,1.06638,1.0659,1.06628,559,1671010920000
2022-12-14 09:45:00,1.06623,1.06634,1.0661,1.06627,441,1671011100000
2022-12-14 09:48:00,1.06628,1.06638,1.0659,1.06636,511,1671011280000
2022-12-14 09:51:00,1.06635,1.06651,1.0659,1.06605,497,1671011460000
2022-12-14 09:54:00,1.06603,1.06638,1.0658,1.06634,566,1671011640000
2022-12-14 09:57:00,1.06634,1.06637,1.0659,1.06623,491,1671011820000
2022-12-14 10:00:00,1.06622,1.06653,1.06598,1.0662,950,1671012000000
2022-12-14 10:03:00,1.06621,1.06621,1.0655,1.0657,685,1671012180000
2022-12-14 10:06:00,1.06569,1.06622,1.0655,1.06622,648,1671012360000
2022-12-14 10:09:00,1.06614,1.06685,1.0659,1.06663,661,1671012540000
2022-12-14 10:12:00,1.06663,1.06664,1.066,1.06641,625,1671012720000
2022-12-14 10:15:00,1.06639,1.06651,1.06579,1.06587,578,1671012900000
2022-12-14 10:18:00,1.06586,1.0659,1.06549,1.06549,549,1671013080000
2022-12-14 10:21:00,1.06555,1.0659,1.0653,1.06579,562,1671013260000
2022-12-14 10:24:00,1.06577,1.06649,1.0656,1.06629,625,1671013440000
2022-12-14 10:27:00,1.06625,1.06662,1.0661,1.06648,568,1671013620000
2022-12-14 10:30:00,1.06646,1.06651,1.066,1.06608,559,1671013800000
2022-12-14 10:33:00,1.06609,1.06651,1.066,1.06609,552,1671013980000
2022-12-14 10:36:00,1.06608,1.06613,1.0658,1.06603,549,1671014160000
2022-12-14 10:39:00,1.06604,1.0663,1.0655,1.06581,370,1671014340000
2022-12-14 10:42:00,1.06577,1.06583,1.0652,1.06541,492,1671014520000
2022-12-14 10:45:00,1.06536,1.06564,1.0652,1.06537,541,1671014700000
2022-12-14 10:48:00,1.06537,1.06571,1.0653,1.06546,507,1671014880000
2022-12-14 10:51:00,1.06546,1.06605,1.0652,1.06598,520,1671015060000
2022-12-14 10:54:00,1.066,1.0666,1.0657,1.06655,605,1671015240000
2022-12-14 10:57:00,1.06653,1.06721,1.0664,1.06697,550,1671015420000
2022-12-14 11:00:00,1.06696,1.06706,1.0663,1.06681,663,1671015600000
2022-12-14 11:03:00,1.06674,1.06686,1.066,1.06615,625,1671015780000
2022-12-14 11:06:00,1.06615,1.06623,1.06539,1.06544,492,1671015960000
2022-12-14 11:09:00,1.06539,1.0656,1.0652,1.06547,569,1671016140000
2022-12-14 11:12:00,1.06547,1.06559,1.065,1.06526,486,1671016320000
2022-12-14 11:15:00,1.0653,1.06551,1.0651,1.06529,475,1671016500000
2022-12-14 11:18:00,1.06527,1.06535,1.0647,1.06496,617,1671016680000
2022-12-14 11:21:00,1.06495,1.065,1.0646,1.06483,530,1671016860000
2022-12-14 11:24:00,1.06482,1.06541,1.0647,1.06528,493,1671017040000
2022-12-14 11:27:00,1.0653,1.0655,1.065,1.06548,475,1671017220000
2022-12-14 11:30:00,1.06545,1.06551,1.0651,1.06535,422,1671017400000
2022-12-14 11:33:00,1.06533,1.06553,1.0649,1.06521,502,1671017580000
2022-12-14 11:36:00,1.0652,1.06528,1.0647,1.06502,517,1671017760000
2022-12-14 11:39:00,1.06503,1.06511,1.0648,1.06483,514,1671017940000
2022-12-14 11:42:00,1.06485,1.06505,1.0646,1.06505,482,1671018120000
2022-12-14 11:45:00,1.06504,1.06524,1.0649,1.06515,473,1671018300000
2022-12-14 11:48:00,1.06516,1.06527,1.0649,1.06506,499,1671018480000
2022-12-14 11:51:00,1.06507,1.06524,1.0647,1.0649,533,1671018660000
2022-12-14 11:54:00,1.0649,1.06491,1.0643,1.0645,498,1671018840000
2022-12-14 11:57:00,1.06451,1.06524,1.0644,1.06519,500,1671019020000
2022-12-14 12:00:00,1.06521,1.06521,1.0646,1.06484,641,1671019200000
2022-12-14 12:03:00,1.06486,1.06521,1.0647,1.06498,577,1671019380000
2022-12-14 12:06:00,1.065,1.06501,1.0644,1.0647,462,1671019560000
2022-12-14 12:09:00,1.06467,1.06479,1.0644,1.06455,415,1671019740000
2022-12-14 12:12:00,1.06456,1.06484,1.0644,1.06458,422,1671019920000
2022-12-14 12:15:00,1.06459,1.0649,1.06434,1.06476,497,1671020100000
2022-12-14 12:18:00,1.06477,1.0648,1.0642,1.06449,453,1671020280000
2022-12-14 12:21:00,1.0645,1.06472,1.0643,1.06448,445,1671020460000
2022-12-14 12:24:00,1.06447,1.06476,1.0642,1.06453,464,1671020640000
2022-12-14 12:27:00,1.06452,1.06487,1.0644,1.06477,531,1671020820000
2022-12-14 12:30:00,1.0648,1.0648,1.0643,1.06474,515,1671021000000
2022-12-14 12:33:00,1.0647,1.06485,1.0644,1.06467,497,1671021180000
2022-12-14 12:36:00,1.06464,1.06511,1.0645,1.0648,533,1671021360000
2022-12-14 12:39:00,1.06497,1.065,1.06406,1.06414,638,1671021540000
2022-12-14 12:42:00,1.06418,1.06435,1.0638,1.06403,624,1671021720000
2022-12-14 12:45:00,1.06407,1.06417,1.0638,1.06404,491,1671021900000
2022-12-14 12:48:00,1.06403,1.06412,1.0637,1.0639,454,1671022080000
2022-12-14 12:51:00,1.06389,1.06414,1.0637,1.0639,551,1671022260000
2022-12-14 12:54:00,1.06405,1.06445,1.0639,1.06444,595,1671022440000
2022-12-14 12:57:00,1.06444,1.06472,1.06424,1.06453,576,1671022620000
2022-12-14 13:00:00,1.06453,1.06514,1.0643,1.06496,652,1671022800000
2022-12-14 13:03:00,1.06495,1.06527,1.0648,1.0652,570,1671022980000
2022-12-14 13:06:00,1.06512,1.06534,1.0646,1.06488,582,1671023160000
2022-12-14 13:09:00,1.06487,1.06508,1.0643,1.06459,457,1671023340000
2022-12-14 13:12:00,1.06461,1.0649,1.0644,1.06485,446,1671023520000
2022-12-14 13:15:00,1.06486,1.06515,1.0645,1.0651,641,1671023700000
2022-12-14 13:18:00,1.06511,1.0653,1.0647,1.06518,589,1671023880000
2022-12-14 13:21:00,1.06509,1.06533,1.06457,1.06459,594,1671024060000
2022-12-14 13:24:00,1.0646,1.06476,1.0644,1.06457,669,1671024240000
2022-12-14 13:27:00,1.06456,1.06476,1.0641,1.06443,526,1671024420000
2022-12-14 13:30:00,1.06442,1.06471,1.0642,1.06444,785,1671024600000
2022-12-14 13:33:00,1.06446,1.06464,1.0642,1.06436,657,1671024780000
2022-12-14 13:36:00,1.06432,1.06455,1.0639,1.06424,591,1671024960000
2022-12-14 13:39:00,1.06423,1.06451,1.064,1.06444,520,1671025140000
2022-12-14 13:42:00,1.06441,1.06456,1.0641,1.06435,514,1671025320000
2022-12-14 13:45:00,1.0643,1.06457,1.064,1.06414,456,1671025500000
2022-12-14 13:48:00,1.06416,1.06433,1.0638,1.06412,563,1671025680000
2022-12-14 13:51:00,1.06411,1.06472,1.0639,1.06438,606,1671025860000
2022-12-14 13:54:00,1.06444,1.06445,1.0636,1.06382,675,1671026040000
2022-12-14 13:57:00,1.0639,1.0647,1.0637,1.06459,705,1671026220000
2022-12-14 14:00:00,1.06464,1.06494,1.0644,1.06461,736,1671026400000
2022-12-14 14:03:00,1.06462,1.06472,1.0642,1.0645,684,1671026580000
2022-12-14 14:06:00,1.06449,1.06456,1.0639,1.06404,597,1671026760000
2022-12-14 14:09:00,1.06403,1.0642,1.0635,1.06367,573,1671026940000
2022-12-14 14:12:00,1.06366,1.0641,1.0636,1.06396,639,1671027120000
2022-12-14 14:15:00,1.064,1.06414,1.0635,1.06408,689,1671027300000
2022-12-14 14:18:00,1.06408,1.06416,1.06377,1.06387,606,1671027480000
2022-12-14 14:21:00,1.06387,1.06416,1.0637,1.06401,625,1671027660000
2022-12-14 14:24:00,1.064,1.06425,1.0638,1.06405,563,1671027840000
2022-12-14 14:27:00,1.06402,1.06406,1.0636,1.06386,671,1671028020000
2022-12-14 14:30:00,1.06387,1.06417,1.06338,1.06355,960,1671028200000
2022-12-14 14:33:00,1.06354,1.06364,1.0631,1.06355,840,1671028380000
2022-12-14 14:36:00,1.06353,1.06429,1.0634,1.06421,852,1671028560000
2022-12-14 14:39:00,1.06423,1.0644,1.0639,1.06415,692,1671028740000
2022-12-14 14:42:00,1.06416,1.06491,1.0641,1.06489,723,1671028920000
2022-12-14 14:45:00,1.06489,1.06509,1.0647,1.06502,795,1671029100000
2022-12-14 14:48:00,1.06506,1.06508,1.0644,1.0649,684,1671029280000
2022-12-14 14:51:00,1.06485,1.0651,1.0646,1.06482,733,1671029460000
2022-12-14 14:54:00,1.06477,1.06509,1.0646,1.06496,674,1671029640000
2022-12-14 14:57:00,1.06492,1.065,1.0642,1.06421,748,1671029820000
2022-12-14 15:00:00,1.06427,1.06461,1.06404,1.0644,840,1671030000000
2022-12-14 15:03:00,1.06441,1.06483,1.0642,1.06479,687,1671030180000
2022-12-14 15:06:00,1.06475,1.06486,1.0642,1.0648,685,1671030360000
2022-12-14 15:09:00,1.0646,1.06557,1.0645,1.0654,695,1671030540000
2022-12-14 15:12:00,1.06538,1.06547,1.0648,1.06502,737,1671030720000
2022-12-14 15:15:00,1.06498,1.06532,1.0648,1.06528,656,1671030900000
2022-12-14 15:18:00,1.06529,1.06548,1.0649,1.065,596,1671031080000
2022-12-14 15:21:00,1.06508,1.06534,1.0649,1.06527,667,1671031260000
2022-12-14 15:24:00,1.06531,1.0654,1.06496,1.06504,607,1671031440000
2022-12-14 15:27:00,1.06503,1.06568,1.0648,1.06546,676,1671031620000
2022-12-14 15:30:00,1.06547,1.06553,1.06471,1.06502,764,1671031800000
2022-12-14 15:33:00,1.06506,1.0653,1.0644,1.06464,636,1671031980000
2022-12-14 15:36:00,1.06466,1.0647,1.0642,1.0645,561,1671032160000
2022-12-14 15:39:00,1.06452,1.06519,1.0644,1.06513,608,1671032340000
2022-12-14 15:42:00,1.06512,1.06537,1.06489,1.06522,670,1671032520000
2022-12-14 15:45:00,1.06521,1.0654,1.0648,1.06509,598,1671032700000
2022-12-14 15:48:00,1.06508,1.06579,1.0649,1.06555,637,1671032880000
2022-12-14 15:51:00,1.0655,1.06615,1.0653,1.06587,757,1671033060000
2022-12-14 15:54:00,1.06581,1.06613,1.0656,1.0659,634,1671033240000
2022-12-14 15:57:00,1.06591,1.066,1.06451,1.06468,826,1671033420000
2022-12-14 16:00:00,1.0647,1.06497,1.0644,1.06483,820,1671033600000
2022-12-14 16:03:00,1.06484,1.06515,1.0645,1.06484,639,1671033780000
2022-12-14 16:06:00,1.06483,1.06483,1.0643,1.0644,613,1671033960000
2022-12-14 16:09:00,1.06468,1.06475,1.064,1.06475,604,1671034140000
2022-12-14 16:12:00,1.0647,1.06493,1.0643,1.06483,741,1671034320000
2022-12-14 16:15:00,1.06484,1.06488,1.0644,1.06485,617,1671034500000
2022-12-14 16:18:00,1.06484,1.06533,1.0647,1.06514,611,1671034680000
2022-12-14 16:21:00,1.06515,1.06584,1.065,1.06574,618,1671034860000
2022-12-14 16:24:00,1.06578,1.0658,1.0652,1.06567,619,1671035040000
2022-12-14 16:27:00,1.06565,1.066,1.0654,1.06593,599,1671035220000
2022-12-14 16:30:00,1.06592,1.06601,1.0657,1.06595,663,1671035400000
2022-12-14 16:33:00,1.06594,1.06596,1.0654,1.06585,600,1671035580000
2022-12-14 16:36:00,1.06584,1.06609,1.0656,1.06594,564,1671035760000
2022-12-14 16:39:00,1.06593,1.06603,1.0655,1.06585,506,1671035940000
2022-12-14 16:42:00,1.06586,1.0661,1.06579,1.06608,550,1671036120000
2022-12-14 16:45:00,1.06599,1.0661,1.0655,1.06556,618,1671036300000
2022-12-14 16:48:00,1.0656,1.066,1.0653,1.06591,600,1671036480000
2022-12-14 16:51:00,1.06589,1.06595,1.0652,1.06537,655,1671036660000
2022-12-14 16:54:00,1.06538,1.06566,1.0652,1.06564,548,1671036840000
2022-12-14 16:57:00,1.06558,1.0657,1.0652,1.06541,461,1671037020000
2022-12-14 17:00:00,1.06537,1.06542,1.0648,1.06526,564,1671037200000
2022-12-14 17:03:00,1.06525,1.06575,1.06525,1.06556,506,1671037380000
2022-12-14 17:06:00,1.06556,1.0658,1.0653,1.0658,435,1671037560000
2022-12-14 17:09:00,1.0655,1.06581,1.0653,1.06567,460,1671037740000
2022-12-14 17:12:00,1.06567,1.06573,1.0653,1.06572,415,1671037920000
2022-12-14 17:15:00,1.06573,1.06614,1.0655,1.06607,422,1671038100000
2022-12-14 17:18:00,1.06608,1.06666,1.0659,1.06633,487,1671038280000
2022-12-14 17:21:00,1.06634,1.06675,1.0662,1.06662,416,1671038460000
2022-12-14 17:24:00,1.0666,1.06663,1.0656,1.06562,535,1671038640000
2022-12-14 17:27:00,1.06559,1.06599,1.0651,1.06599,714,1671038820000
2022-12-14 17:30:00,1.06598,1.06612,1.0656,1.06601,690,1671039000000
2022-12-14 17:33:00,1.06605,1.06628,1.0659,1.06611,673,1671039180000
2022-12-14 17:36:00,1.0661,1.06649,1.0659,1.06637,465,1671039360000
2022-12-14 17:39:00,1.06636,1.0665,1.0661,1.06637,601,1671039540000
2022-12-14 17:42:00,1.0664,1.06656,1.0659,1.06616,489,1671039720000
2022-12-14 17:45:00,1.06615,1.06615,1.0657,1.06596,451,1671039900000
2022-12-14 17:48:00,1.06597,1.06602,1.0656,1.06574,400,1671040080000
2022-12-14 17:51:00,1.06579,1.06584,1.0654,1.06559,426,1671040260000
2022-12-14 17:54:00,1.06556,1.06565,1.0653,1.06556,468,1671040440000
2022-12-14 17:57:00,1.06563,1.06564,1.06513,1.06514,410,1671040620000
2022-12-14 18:00:00,1.06513,1.06539,1.0649,1.06533,482,1671040800000
2022-12-14 18:03:00,1.06528,1.06583,1.0651,1.06581,416,1671040980000
2022-12-14 18:06:00,1.06576,1.066,1.0655,1.066,515,1671041160000
2022-12-14 18:09:00,1.066,1.06621,1.0657,1.06614,384,1671041340000
2022-12-14 18:12:00,1.06615,1.06632,1.0659,1.06632,409,1671041520000
2022-12-14 18:15:00,1.06631,1.06645,1.0661,1.06638,497,1671041700000
2022-12-14 18:18:00,1.06637,1.067,1.0662,1.06697,473,1671041880000
2022-12-14 18:21:00,1.06695,1.06701,1.0663,1.067,520,1671042060000
2022-12-14 18:24:00,1.067,1.06709,1.0664,1.06662,428,1671042240000
2022-12-14 18:27:00,1.06661,1.0667,1.0663,1.06648,394,1671042420000
2022-12-14 18:30:00,1.06652,1.06696,1.0663,1.06691,421,1671042600000
2022-12-14 18:33:00,1.06692,1.06767,1.0667,1.06751,429,1671042780000
2022-12-14 18:36:00,1.06753,1.06787,1.0672,1.06783,463,1671042960000
2022-12-14 18:39:00,1.06775,1.06821,1.0677,1.06814,540,1671043140000
2022-12-14 18:42:00,1.06816,1.06833,1.0676,1.06797,525,1671043320000
2022-12-14 18:45:00,1.06795,1.06832,1.0677,1.0683,468,1671043500000
2022-12-14 18:48:00,1.0683,1.06845,1.0681,1.06835,623,1671043680000
2022-12-14 18:51:00,1.06837,1.06848,1.068,1.06845,459,1671043860000
2022-12-14 18:54:00,1.0684,1.0685,1.0676,1.06774,461,1671044040000
2022-12-14 18:57:00,1.06773,1.06806,1.0675,1.06794,650,1671044220000
2022-12-14 19:00:00,1.06776,1.06793,1.06328,1.06349,1258,1671044400000
2022-12-14 19:03:00,1.0635,1.06568,1.06302,1.065,1227,1671044580000
2022-12-14 19:06:00,1.06499,1.06609,1.06355,1.06398,1230,1671044760000
2022-12-14 19:09:00,1.06401,1.06463,1.06332,1.06463,1212,1671044940000
2022-12-14 19:12:00,1.06457,1.06544,1.06441,1.06462,1168,1671045120000
2022-12-14 19:15:00,1.06457,1.06562,1.06418,1.0655,1186,1671045300000
2022-12-14 19:18:00,1.06551,1.06561,1.06476,1.06499,1167,1671045480000
2022-12-14 19:21:00,1.06506,1.0654,1.0641,1.06442,1174,1671045660000
2022-12-14 19:24:00,1.06447,1.06495,1.0641,1.06463,1124,1671045840000
2022-12-14 19:27:00,1.06466,1.06557,1.0644,1.06522,1091,1671046020000
2022-12-14 19:30:00,1.06517,1.06565,1.06462,1.06539,1183,1671046200000
2022-12-14 19:33:00,1.06543,1.06563,1.06201,1.06255,1263,1671046380000
2022-12-14 19:36:00,1.06255,1.06323,1.06217,1.06266,1272,1671046560000
2022-12-14 19:39:00,1.06264,1.0648,1.0621,1.06305,1269,1671046740000
2022-12-14 19:42:00,1.06307,1.06776,1.06234,1.06578,1329,1671046920000
2022-12-14 19:45:00,1.06574,1.06591,1.06465,1.06491,1245,1671047100000
2022-12-14 19:48:00,1.06487,1.06692,1.06406,1.0661,1266,1671047280000
2022-12-14 19:51:00,1.06609,1.06689,1.0646,1.06689,1201,1671047460000
2022-12-14 19:54:00,1.06685,1.06768,1.0664,1.06746,1246,1671047640000
2022-12-14 19:57:00,1.0675,1.06753,1.06608,1.06638,1209,1671047820000
2022-12-14 20:00:00,1.06643,1.06773,1.06618,1.0676,1182,1671048000000
2022-12-14 20:03:00,1.06759,1.06783,1.0669,1.06731,1185,1671048180000
2022-12-14 20:06:00,1.06732,1.06847,1.06731,1.06828,1108,1671048360000
2022-12-14 20:09:00,1.06831,1.06853,1.06806,1.06839,1101,1671048540000
2022-12-14 20:12:00,1.0684,1.0695,1.06831,1.06898,1209,1671048720000
2022-12-14 20:15:00,1.06895,1.06907,1.0677,1.06787,1156,1671048900000
2022-12-14 20:18:00,1.06788,1.06872,1.0677,1.06825,1085,1671049080000
2022-12-14 20:21:00,1.06824,1.06885,1.0678,1.06863,1031,1671049260000
2022-12-14 20:24:00,1.06864,1.06874,1.06758,1.06791,937,1671049440000
2022-12-14 20:27:00,1.0679,1.06797,1.06651,1.0666,929,1671049620000
2022-12-14 20:30:00,1.06658,1.06697,1.06625,1.06695,1088,1671049800000
2022-12-14 20:33:00,1.06696,1.06711,1.0663,1.06648,965,1671049980000
2022-12-14 20:36:00,1.06648,1.06741,1.06647,1.06693,912,1671050160000
2022-12-14 20:39:00,1.06694,1.06795,1.0666,1.06783,817,1671050340000
2022-12-14 20:42:00,1.06783,1.06849,1.0675,1.06846,773,1671050520000
2022-12-14 20:45:00,1.06838,1.06856,1.068,1.0684,764,1671050700000
2022-12-14 20:48:00,1.06839,1.0685,1.0681,1.06842,761,1671050880000
2022-12-14 20:51:00,1.06841,1.0685,1.0681,1.06845,732,1671051060000
2022-12-14 20:54:00,1.06846,1.0685,1.0679,1.06808,580,1671051240000
2022-12-14 20:57:00,1.06808,1.06812,1.0678,1.0679,523,1671051420000
2022-12-14 21:00:00,1.06789,1.068,1.06769,1.0679,476,1671051600000
2022-12-14 21:03:00,1.06792,1.068,1.0675,1.06786,455,1671051780000
2022-12-14 21:06:00,1.06783,1.06843,1.0677,1.06838,390,1671051960000
2022-12-14 21:09:00,1.0684,1.06865,1.068,1.06815,394,1671052140000
2022-12-14 21:12:00,1.06817,1.06822,1.0679,1.06822,345,1671052320000
2022-12-14 21:15:00,1.06823,1.0683,1.068,1.06822,250,1671052500000
2022-12-14 21:18:00,1.06821,1.0683,1.0679,1.06803,278,1671052680000
2022-12-14 21:21:00,1.06805,1.0681,1.0678,1.06803,164,1671052860000
2022-12-14 21:24:00,1.06804,1.0681,1.0678,1.06804,191,1671053040000
2022-12-14 21:27:00,1.06803,1.0681,1.0678,1.06799,409,1671053220000
2022-12-14 21:30:00,1.068,1.06803,1.0678,1.06803,245,1671053400000
2022-12-14 21:33:00,1.068,1.0681,1.0678,1.06807,251,1671053580000
2022-12-14 21:36:00,1.06806,1.0682,1.0679,1.068,146,1671053760000
2022-12-14 21:39:00,1.06805,1.06847,1.0679,1.0684,184,1671053940000
2022-12-14 21:42:00,1.06839,1.0687,1.0682,1.06856,169,1671054120000
2022-12-14 21:45:00,1.06851,1.0687,1.0684,1.0685,237,1671054300000
2022-12-14 21:48:00,1.06849,1.0686,1.0683,1.0683,187,1671054480000
2022-12-14 21:51:00,1.06846,1.0685,1.0682,1.06826,147,1671054660000
2022-12-14 21:54:00,1.06825,1.0684,1.068,1.06822,189,1671054840000
2022-12-14 21:57:00,1.06818,1.0683,1.0679,1.068,190,1671055020000
2022-12-14 22:00:00,1.06806,1.0683,1.06783,1.06799,35,1671055200000
2022-12-14 22:03:00,1.06797,1.0683,1.06784,1.068,43,1671055380000
2022-12-14 22:06:00,1.06816,1.0685,1.06792,1.0683,54,1671055560000
2022-12-14 22:09:00,1.0681,1.0683,1.06792,1.0681,31,1671055740000
2022-12-14 22:12:00,1.068,1.0683,1.0679,1.06801,65,1671055920000
2022-12-14 22:15:00,1.0682,1.0683,1.06792,1.0683,50,1671056100000
2022-12-14 22:18:00,1.0682,1.0683,1.06792,1.0681,52,1671056280000
2022-12-14 22:21:00,1.06792,1.0683,1.06792,1.0683,35,1671056460000
2022-12-14 22:24:00,1.0682,1.0684,1.06792,1.0683,59,1671056640000
2022-12-14 22:27:00,1.06792,1.0683,1.06792,1.06792,51,1671056820000
2022-12-14 22:30:00,1.06816,1.0683,1.06791,1.06825,83,1671057000000
2022-12-14 22:33:00,1.0682,1.0683,1.06808,1.0683,52,1671057180000
2022-12-14 22:36:00,1.06811,1.0683,1.0681,1.0683,44,1671057360000
2022-12-14 22:39:00,1.0682,1.0684,1.0678,1.0681,95,1671057540000
2022-12-14 22:42:00,1.06807,1.0684,1.06799,1.0681,47,1671057720000
2022-12-14 22:45:00,1.06805,1.0682,1.068,1.06817,65,1671057900000
2022-12-14 22:48:00,1.0682,1.0682,1.0679,1.06792,71,1671058080000
2022-12-14 22:51:00,1.0681,1.0683,1.06792,1.06794,63,1671058260000
2022-12-14 22:54:00,1.06793,1.0682,1.0679,1.06794,60,1671058440000
2022-12-14 22:57:00,1.06795,1.0682,1.0679,1.0681,39,1671058620000
2022-12-14 23:00:00,1.06806,1.06822,1.06775,1.06776,248,1671058800000
2022-12-14 23:03:00,1.06783,1.06786,1.0673,1.06766,277,1671058980000
2022-12-14 23:06:00,1.06759,1.06773,1.0674,1.0675,171,1671059160000
2022-12-14 23:09:00,1.06772,1.06773,1.0672,1.0677,369,1671059340000
2022-12-14 23:12:00,1.06772,1.0679,1.0674,1.06786,278,1671059520000
2022-12-14 23:15:00,1.06788,1.06811,1.0677,1.06796,234,1671059700000
2022-12-14 23:18:00,1.06796,1.068,1.0675,1.0677,172,1671059880000
2022-12-14 23:21:00,1.06771,1.06793,1.0675,1.06777,163,1671060060000
2022-12-14 23:24:00,1.06778,1.0679,1.0676,1.0679,207,1671060240000
2022-12-14 23:27:00,1.06788,1.06808,1.0677,1.06794,216,1671060420000
2022-12-14 23:30:00,1.06793,1.06799,1.0676,1.06777,233,1671060600000
2022-12-14 23:33:00,1.06777,1.06785,1.0676,1.06775,257,1671060780000
2022-12-14 23:36:00,1.06774,1.06781,1.0673,1.06762,291,1671060960000
2022-12-14 23:39:00,1.06763,1.06763,1.0673,1.06748,304,1671061140000
2022-12-14 23:42:00,1.06747,1.06753,1.0672,1.06746,250,1671061320000
2022-12-14 23:45:00,1.06743,1.06759,1.0673,1.06757,176,1671061500000
2022-12-14 23:48:00,1.06752,1.0676,1.0673,1.0675,105,1671061680000
2022-12-14 23:51:00,1.06756,1.06771,1.0673,1.06765,141,1671061860000
2022-12-14 23:54:00,1.06763,1.06765,1.0674,1.06757,176,1671062040000
2022-12-14 23:57:00,1.06756,1.06767,1.0674,1.06761,207,1671062220000
2022-12-15 00:00:00,1.0676,1.06761,1.0671,1.06723,456,1671062400000
2022-12-15 00:03:00,1.06724,1.0673,1.0667,1.06691,353,1671062580000
2022-12-15 00:06:00,1.06693,1.06694,1.0666,1.06687,340,1671062760000
2022-12-15 00:09:00,1.06686,1.06701,1.0665,1.0668,376,1671062940000
2022-12-15 00:12:00,1.06681,1.06703,1.0666,1.06703,344,1671063120000
2022-12-15 00:15:00,1.06704,1.06734,1.0668,1.06734,297,1671063300000
2022-12-15 00:18:00,1.06733,1.06753,1.0672,1.0674,187,1671063480000
2022-12-15 00:21:00,1.06743,1.06743,1.0671,1.06739,240,1671063660000
2022-12-15 00:24:00,1.06736,1.06746,1.0672,1.06739,226,1671063840000
2022-12-15 00:27:00,1.06737,1.0674,1.0671,1.0673,242,1671064020000
2022-12-15 00:30:00,1.06731,1.06741,1.067,1.06724,336,1671064200000
2022-12-15 00:33:00,1.06723,1.06743,1.067,1.06737,228,1671064380000
2022-12-15 00:36:00,1.06738,1.06746,1.0672,1.0673,210,1671064560000
2022-12-15 00:39:00,1.06744,1.06746,1.0672,1.06741,188,1671064740000
2022-12-15 00:42:00,1.06742,1.0676,1.0672,1.06748,309,1671064920000
2022-12-15 00:45:00,1.0675,1.06764,1.0672,1.06764,311,1671065100000
2022-12-15 00:48:00,1.06759,1.0678,1.0675,1.0675,233,1671065280000
2022-12-15 00:51:00,1.0677,1.06784,1.0673,1.06777,307,1671065460000
2022-12-15 00:54:00,1.06776,1.06827,1.0676,1.06777,531,1671065640000
2022-12-15 00:57:00,1.06775,1.06792,1.0674,1.0678,372,1671065820000
2022-12-15 01:00:00,1.06789,1.068,1.0673,1.06745,419,1671066000000
2022-12-15 01:03:00,1.06746,1.06754,1.067,1.06739,380,1671066180000
2022-12-15 01:06:00,1.06737,1.06763,1.0669,1.06721,475,1671066360000
2022-12-15 01:09:00,1.0672,1.0674,1.067,1.06716,456,1671066540000
2022-12-15 01:12:00,1.06717,1.0672,1.0668,1.06698,365,1671066720000
2022-12-15 01:15:00,1.06696,1.06731,1.0667,1.067,592,1671066900000
2022-12-15 01:18:00,1.06697,1.06741,1.0668,1.06738,459,1671067080000
2022-12-15 01:21:00,1.06741,1.06742,1.0669,1.0671,432,1671067260000
2022-12-15 01:24:00,1.06706,1.0671,1.0668,1.067,461,1671067440000
2022-12-15 01:27:00,1.06702,1.06712,1.0667,1.06686,381,1671067620000
2022-12-15 01:30:00,1.06684,1.0669,1.0663,1.0665,470,1671067800000
2022-12-15 01:33:00,1.06651,1.06662,1.0662,1.06659,425,1671067980000
2022-12-15 01:36:00,1.0666,1.06666,1.0662,1.06643,450,1671068160000
2022-12-15 01:39:00,1.06644,1.06647,1.066,1.06617,485,1671068340000
2022-12-15 01:42:00,1.06613,1.06625,1.0659,1.06605,453,1671068520000
2022-12-15 01:45:00,1.06606,1.06639,1.0659,1.06633,435,1671068700000
2022-12-15 01:48:00,1.06636,1.06638,1.066,1.06617,422,1671068880000
2022-12-15 01:51:00,1.06622,1.06623,1.0658,1.06603,436,1671069060000
2022-12-15 01:54:00,1.06603,1.06626,1.0658,1.06623,480,1671069240000
2022-12-15 01:57:00,1.06622,1.06637,1.066,1.06622,389,1671069420000
2022-12-15 02:00:00,1.0661,1.06653,1.0661,1.06628,371,1671069600000
2022-12-15 02:03:00,1.06631,1.06632,1.0659,1.0659,425,1671069780000
2022-12-15 02:06:00,1.06615,1.06621,1.0658,1.06617,530,1671069960000
2022-12-15 02:09:00,1.06614,1.0662,1.0655,1.06561,474,1671070140000
2022-12-15 02:12:00,1.06562,1.06583,1.0654,1.06577,455,1671070320000
2022-12-15 02:15:00,1.06578,1.06582,1.0655,1.06581,378,1671070500000
2022-12-15 02:18:00,1.0658,1.06584,1.0653,1.06558,450,1671070680000
2022-12-15 02:21:00,1.06559,1.06578,1.0654,1.06559,374,1671070860000
2022-12-15 02:24:00,1.0656,1.06561,1.0653,1.06546,317,1671071040000
2022-12-15 02:27:00,1.06545,1.0655,1.0654,1.06549,29,1671071220000
2022-12-15 02:30:00,1.0653,1.06554,1.0653,1.06552,72,1671071400000
2022-12-15 02:33:00,1.0653,1.06556,1.0653,1.0655,134,1671071580000
2022-12-15 02:36:00,1.06553,1.06564,1.0653,1.0655,325,1671071760000
2022-12-15 02:39:00,1.06548,1.0657,1.0653,1.0657,309,1671071940000
2022-12-15 02:42:00,1.0657,1.06604,1.0655,1.06599,421,1671072120000
2022-12-15 02:45:00,1.06601,1.0662,1.0658,1.06615,413,1671072300000
2022-12-15 02:48:00,1.06613,1.0662,1.0658,1.06603,387,1671072480000
2022-12-15 02:51:00,1.06602,1.0661,1.0656,1.06596,274,1671072660000
2022-12-15 02:54:00,1.06593,1.06601,1.0656,1.0657,361,1671072840000
2022-12-15 02:57:00,1.066,1.06612,1.0657,1.06584,414,1671073020000
2022-12-15 03:00:00,1.0659,1.0659,1.0654,1.0656,392,1671073200000
2022-12-15 03:03:00,1.06555,1.06555,1.0654,1.0654,57,1671073380000
2022-12-15 03:06:00,1.06569,1.0658,1.0655,1.06568,303,1671073560000
2022-12-15 03:09:00,1.06567,1.06592,1.0655,1.06588,337,1671073740000
2022-12-15 03:12:00,1.06587,1.06593,1.0657,1.0658,256,1671073920000
2022-12-15 03:15:00,1.06577,1.06585,1.0656,1.06585,174,1671074100000
2022-12-15 03:18:00,1.0659,1.06595,1.0655,1.06567,233,1671074280000
2022-12-15 03:21:00,1.06568,1.06578,1.0655,1.06565,277,1671074460000
2022-12-15 03:24:00,1.06564,1.06571,1.0653,1.0655,340,1671074640000
2022-12-15 03:27:00,1.06551,1.0656,1.0653,1.06553,270,1671074820000
2022-12-15 03:30:00,1.06554,1.06573,1.0653,1.0654,338,1671075000000
2022-12-15 03:33:00,1.06548,1.06562,1.0653,1.06554,190,1671075180000
2022-12-15 03:36:00,1.06559,1.0656,1.0653,1.06545,64,1671075360000
2022-12-15 03:39:00,1.06548,1.06555,1.0653,1.06551,295,1671075540000
2022-12-15 03:42:00,1.06548,1.06554,1.0653,1.0654,236,1671075720000
2022-12-15 03:45:00,1.06553,1.06554,1.0653,1.06549,360,1671075900000
2022-12-15 03:48:00,1.06546,1.06575,1.0653,1.06569,244,1671076080000
2022-12-15 03:51:00,1.0656,1.06573,1.0654,1.06558,161,1671076260000
2022-12-15 03:54:00,1.06559,1.06563,1.0653,1.06552,231,1671076440000
2022-12-15 03:57:00,1.06554,1.06563,1.0653,1.06545,304,1671076620000
2022-12-15 04:00:00,1.06544,1.0655,1.0652,1.06533,346,1671076800000
2022-12-15 04:03:00,1.06534,1.0654,1.065,1.06523,351,1671076980000
2022-12-15 04:06:00,1.06523,1.0653,1.0649,1.06511,237,1671077160000
2022-12-15 04:09:00,1.06512,1.06519,1.06486,1.06514,303,1671077340000
2022-12-15 04:12:00,1.06507,1.06513,1.0649,1.06499,380,1671077520000
2022-12-15 04:15:00,1.06496,1.0652,1.0648,1.06504,295,1671077700000
2022-12-15 04:18:00,1.06501,1.0651,1.0647,1.06475,302,1671077880000
2022-12-15 04:21:00,1.06476,1.06505,1.0646,1.06504,220,1671078060000
2022-12-15 04:24:00,1.06501,1.0652,1.0649,1.06509,234,1671078240000
2022-12-15 04:27:00,1.06508,1.0652,1.0649,1.06513,156,1671078420000
2022-12-15 04:30:00,1.06514,1.0653,1.0649,1.0651,260,1671078600000
2022-12-15 04:33:00,1.06511,1.06512,1.0647,1.06503,267,1671078780000
2022-12-15 04:36:00,1.06503,1.06512,1.0649,1.06503,237,1671078960000
2022-12-15 04:39:00,1.06502,1.0651,1.0647,1.0649,226,1671079140000
2022-12-15 04:42:00,1.0649,1.06516,1.0646,1.06509,337,1671079320000
2022-12-15 04:45:00,1.06511,1.06512,1.0648,1.06499,226,1671079500000
2022-12-15 04:48:00,1.065,1.06503,1.0646,1.06483,242,1671079680000
2022-12-15 04:51:00,1.06482,1.06505,1.0647,1.06494,276,1671079860000
2022-12-15 04:54:00,1.065,1.065,1.0645,1.06473,338,1671080040000
2022-12-15 04:57:00,1.06472,1.06484,1.0645,1.06476,252,1671080220000
2022-12-15 05:00:00,1.06475,1.06481,1.0644,1.06464,401,1671080400000
2022-12-15 05:03:00,1.06464,1.06476,1.0644,1.06464,326,1671080580000
2022-12-15 05:06:00,1.06465,1.06484,1.0644,1.06484,372,1671080760000
2022-12-15 05:09:00,1.06483,1.06491,1.0646,1.06482,340,1671080940000
2022-12-15 05:12:00,1.06483,1.0649,1.0646,1.06479,383,1671081120000
2022-12-15 05:15:00,1.06478,1.0649,1.0646,1.06471,319,1671081300000
2022-12-15 05:18:00,1.06472,1.06501,1.0645,1.0648,298,1671081480000
2022-12-15 05:21:00,1.065,1.06518,1.0648,1.06514,272,1671081660000
2022-12-15 05:24:00,1.06516,1.06522,1.065,1.06516,302,1671081840000
2022-12-15 05:27:00,1.06518,1.06526,1.065,1.06518,284,1671082020000
2022-12-15 05:30:00,1.06518,1.06521,1.0648,1.0648,403,1671082200000
2022-12-15 05:33:00,1.06495,1.0651,1.0648,1.06504,306,1671082380000
2022-12-15 05:36:00,1.06503,1.0653,1.0648,1.06519,372,1671082560000
2022-12-15 05:39:00,1.065,1.0653,1.0648,1.06504,355,1671082740000
2022-12-15 05:42:00,1.06503,1.0652,1.0649,1.06497,300,1671082920000
2022-12-15 05:45:00,1.06496,1.06504,1.0648,1.06496,289,1671083100000
2022-12-15 05:48:00,1.06498,1.065,1.0645,1.06482,305,1671083280000
2022-12-15 05:51:00,1.06484,1.06529,1.0646,1.06521,450,1671083460000
2022-12-15 05:54:00,1.0652,1.06573,1.065,1.06558,411,1671083640000
2022-12-15 05:57:00,1.06557,1.06592,1.0654,1.06584,421,1671083820000
2022-12-15 06:00:00,1.06583,1.06598,1.0655,1.06559,480,1671084000000
2022-12-15 06:03:00,1.0654,1.06575,1.0654,1.06565,350,1671084180000
2022-12-15 06:06:00,1.0657,1.06593,1.0655,1.06561,270,1671084360000
2022-12-15 06:09:00,1.0656,1.06573,1.0654,1.06568,340,1671084540000
2022-12-15 06:12:00,1.06567,1.0657,1.0653,1.06536,428,1671084720000
2022-12-15 06:15:00,1.06537,1.06574,1.0652,1.06561,367,1671084900000
2022-12-15 06:18:00,1.0656,1.06577,1.0654,1.06562,415,1671085080000
2022-12-15 06:21:00,1.06561,1.0658,1.0654,1.0656,455,1671085260000
2022-12-15 06:24:00,1.0656,1.06577,1.0654,1.06571,365,1671085440000
2022-12-15 06:27:00,1.0657,1.06599,1.0655,1.06599,361,1671085620000
2022-12-15 06:30:00,1.06594,1.06602,1.0655,1.06562,385,1671085800000
2022-12-15 06:33:00,1.06567,1.06579,1.0654,1.06574,426,1671085980000
2022-12-15 06:36:00,1.06576,1.0658,1.0654,1.06567,321,1671086160000
2022-12-15 06:39:00,1.0657,1.06587,1.0654,1.06582,339,1671086340000
2022-12-15 06:42:00,1.06581,1.06605,1.0657,1.06602,436,1671086520000
2022-12-15 06:45:00,1.06597,1.06608,1.0656,1.06587,357,1671086700000
2022-12-15 06:48:00,1.06591,1.06592,1.0654,1.06553,392,1671086880000
2022-12-15 06:51:00,1.06554,1.0656,1.0653,1.06547,418,1671087060000
2022-12-15 06:54:00,1.06546,1.06551,1.0652,1.06548,358,1671087240000
2022-12-15 06:57:00,1.06549,1.06551,1.0652,1.06547,398,1671087420000
2022-12-15 07:00:00,1.06544,1.06565,1.0652,1.06544,653,1671087600000
2022-12-15 07:03:00,1.06541,1.06564,1.0653,1.0654,443,1671087780000
2022-12-15 07:06:00,1.06551,1.06561,1.0652,1.0655,464,1671087960000
2022-12-15 07:09:00,1.06553,1.06561,1.065,1.06535,487,1671088140000
2022-12-15 07:12:00,1.06534,1.06541,1.065,1.0653,404,1671088320000
2022-12-15 07:15:00,1.06528,1.06537,1.0648,1.06531,518,1671088500000
2022-12-15 07:18:00,1.06529,1.06543,1.065,1.06521,486,1671088680000
2022-12-15 07:21:00,1.0652,1.06532,1.0649,1.06523,457,1671088860000
2022-12-15 07:24:00,1.06524,1.0653,1.0648,1.06513,476,1671089040000
2022-12-15 07:27:00,1.06514,1.06553,1.065,1.06552,512,1671089220000
2022-12-15 07:30:00,1.06551,1.06559,1.0652,1.06529,549,1671089400000
2022-12-15 07:33:00,1.0653,1.0653,1.0649,1.06511,513,1671089580000
2022-12-15 07:36:00,1.06511,1.06512,1.0647,1.0649,533,1671089760000
2022-12-15 07:39:00,1.06491,1.06497,1.0646,1.06493,549,1671089940000
2022-12-15 07:42:00,1.06491,1.06498,1.0643,1.06448,497,1671090120000
2022-12-15 07:45:00,1.06449,1.0647,1.0643,1.06453,588,1671090300000
2022-12-15 07:48:00,1.06454,1.0646,1.0641,1.06425,522,1671090480000
2022-12-15 07:51:00,1.0642,1.0643,1.0639,1.06423,548,1671090660000
2022-12-15 07:54:00,1.06427,1.06442,1.064,1.06426,506,1671090840000
2022-12-15 07:57:00,1.06434,1.0644,1.064,1.06412,594,1671091020000
2022-12-15 08:00:00,1.06409,1.06451,1.064,1.0644,738,1671091200000
2022-12-15 08:03:00,1.06443,1.0647,1.0642,1.06453,678,1671091380000
2022-12-15 08:06:00,1.06454,1.06459,1.0637,1.06398,701,1671091560000
2022-12-15 08:09:00,1.06392,1.06431,1.0639,1.06399,604,1671091740000
2022-12-15 08:12:00,1.064,1.06411,1.0636,1.06384,697,1671091920000
2022-12-15 08:15:00,1.06382,1.06426,1.0635,1.06375,692,1671092100000
2022-12-15 08:18:00,1.06376,1.0638,1.0633,1.06356,682,1671092280000
2022-12-15 08:21:00,1.06354,1.06365,1.0632,1.06362,731,1671092460000
2022-12-15 08:24:00,1.06361,1.06416,1.0636,1.06392,742,1671092640000
2022-12-15 08:27:00,1.06392,1.06404,1.0636,1.06381,675,1671092820000
2022-12-15 08:30:00,1.06376,1.06385,1.06339,1.06368,825,1671093000000
2022-12-15 08:33:00,1.06362,1.06433,1.0635,1.06417,773,1671093180000
2022-12-15 08:36:00,1.06418,1.0643,1.0629,1.06321,747,1671093360000
2022-12-15 08:39:00,1.06322,1.06327,1.0625,1.06316,782,1671093540000
2022-12-15 08:42:00,1.06311,1.06314,1.0623,1.06273,721,1671093720000
2022-12-15 08:45:00,1.06268,1.06301,1.0625,1.06257,754,1671093900000
2022-12-15 08:48:00,1.06257,1.06267,1.0622,1.0624,660,1671094080000
2022-12-15 08:51:00,1.06241,1.06255,1.062,1.06235,676,1671094260000
2022-12-15 08:54:00,1.06237,1.06249,1.062,1.06244,762,1671094440000
2022-12-15 08:57:00,1.06243,1.06255,1.0619,1.06221,651,1671094620000
2022-12-15 09:00:00,1.06214,1.06223,1.0613,1.06148,801,1671094800000
2022-12-15 09:03:00,1.06151,1.06159,1.0608,1.06127,812,1671094980000
2022-12-15 09:06:00,1.06126,1.06153,1.061,1.06132,703,1671095160000
2022-12-15 09:09:00,1.06135,1.06162,1.0609,1.06132,714,1671095340000
2022-12-15 09:12:00,1.0613,1.06143,1.0608,1.06087,683,1671095520000
2022-12-15 09:15:00,1.06081,1.06122,1.0605,1.06116,717,1671095700000
2022-12-15 09:18:00,1.06116,1.06137,1.0609,1.06122,636,1671095880000
2022-12-15 09:21:00,1.06121,1.06121,1.0608,1.06107,513,1671096060000
2022-12-15 09:24:00,1.06107,1.06117,1.0606,1.06105,611,1671096240000
2022-12-15 09:27:00,1.06103,1.06114,1.0605,1.0607,615,1671096420000
2022-12-15 09:30:00,1.0607,1.06117,1.0605,1.06117,696,1671096600000
2022-12-15 09:33:00,1.06117,1.06146,1.0609,1.06139,561,1671096780000
2022-12-15 09:36:00,1.06138,1.06176,1.06119,1.06125,569,1671096960000
2022-12-15 09:39:00,1.06124,1.06154,1.0609,1.06151,641,1671097140000
2022-12-15 09:42:00,1.06151,1.06173,1.0613,1.06162,563,1671097320000
2022-12-15 09:45:00,1.06158,1.0618,1.06123,1.06173,527,1671097500000
2022-12-15 09:48:00,1.06175,1.06213,1.0614,1.06212,440,1671097680000
2022-12-15 09:51:00,1.06211,1.06216,1.0618,1.06216,478,1671097860000
2022-12-15 09:54:00,1.06213,1.06227,1.0618,1.06206,512,1671098040000
2022-12-15 09:57:00,1.06208,1.06218,1.06186,1.06216,547,1671098220000
2022-12-15 10:00:00,1.06213,1.06216,1.0615,1.06201,589,1671098400000
2022-12-15 10:03:00,1.06202,1.06211,1.0615,1.06201,539,1671098580000
2022-12-15 10:06:00,1.06208,1.06226,1.0618,1.06212,471,1671098760000
2022-12-15 10:09:00,1.06207,1.06217,1.0617,1.06217,376,1671098940000
2022-12-15 10:12:00,1.06218,1.0623,1.0618,1.06196,437,1671099120000
2022-12-15 10:15:00,1.06195,1.06226,1.0618,1.06219,494,1671099300000
2022-12-15 10:18:00,1.06218,1.0626,1.062,1.06221,654,1671099480000
2022-12-15 10:21:00,1.06222,1.06226,1.0616,1.06192,668,1671099660000
2022-12-15 10:24:00,1.06191,1.06241,1.0616,1.06205,582,1671099840000
2022-12-15 10:27:00,1.06206,1.0624,1.0619,1.06239,550,1671100020000
2022-12-15 10:30:00,1.06232,1.0625,1.0618,1.06202,567,1671100200000
2022-12-15 10:33:00,1.06202,1.0623,1.0618,1.06213,505,1671100380000
2022-12-15 10:36:00,1.06214,1.06243,1.0619,1.06213,557,1671100560000
2022-12-15 10:39:00,1.06213,1.06249,1.0618,1.06249,543,1671100740000
2022-12-15 10:42:00,1.0625,1.06277,1.06223,1.06227,569,1671100920000
2022-12-15 10:45:00,1.06224,1.06233,1.0616,1.06187,517,1671101100000
2022-12-15 10:48:00,1.06188,1.06192,1.0616,1.06189,455,1671101280000
2022-12-15 10:51:00,1.06188,1.06224,1.0615,1.06221,439,1671101460000
2022-12-15 10:54:00,1.06221,1.0623,1.0616,1.06179,437,1671101640000
2022-12-15 10:57:00,1.06173,1.0618,1.0614,1.06154,425,1671101820000
2022-12-15 11:00:00,1.06152,1.0618,1.0614,1.06162,558,1671102000000
2022-12-15 11:03:00,1.06163,1.0617,1.0607,1.06078,637,1671102180000
2022-12-15 11:06:00,1.06077,1.06121,1.0606,1.06118,597,1671102360000
2022-12-15 11:09:00,1.06119,1.0612,1.0609,1.06111,496,1671102540000
2022-12-15 11:12:00,1.06112,1.06117,1.0607,1.06099,512,1671102720000
2022-12-15 11:15:00,1.061,1.06138,1.06069,1.0609,507,1671102900000
2022-12-15 11:18:00,1.06115,1.06131,1.0609,1.06124,434,1671103080000
2022-12-15 11:21:00,1.06123,1.06158,1.061,1.06144,507,1671103260000
2022-12-15 11:24:00,1.06145,1.06164,1.0612,1.06156,489,1671103440000
2022-12-15 11:27:00,1.06162,1.0618,1.0614,1.06169,509,1671103620000
2022-12-15 11:30:00,1.06173,1.0618,1.0614,1.06158,477,1671103800000
2022-12-15 11:33:00,1.06159,1.06178,1.0613,1.06153,513,1671103980000
2022-12-15 11:36:00,1.06154,1.06194,1.0613,1.06183,476,1671104160000
2022-12-15 11:39:00,1.06176,1.06193,1.0615,1.06187,471,1671104340000
2022-12-15 11:42:00,1.06188,1.06198,1.0616,1.06193,423,1671104520000
2022-12-15 11:45:00,1.06193,1.06216,1.0617,1.06208,424,1671104700000
2022-12-15 11:48:00,1.06207,1.06245,1.0619,1.06218,486,1671104880000
2022-12-15 11:51:00,1.06214,1.0622,1.0619,1.06195,435,1671105060000
2022-12-15 11:54:00,1.06195,1.0622,1.0618,1.06199,400,1671105240000
2022-12-15 11:57:00,1.06201,1.06238,1.0619,1.06238,568,1671105420000
2022-12-15 12:00:00,1.06238,1.0624,1.06139,1.06214,899,1671105600000
2022-12-15 12:03:00,1.06211,1.06213,1.0616,1.06188,690,1671105780000
2022-12-15 12:06:00,1.06189,1.06194,1.0613,1.06141,745,1671105960000
2022-12-15 12:09:00,1.0614,1.06194,1.0613,1.06177,616,1671106140000
2022-12-15 12:12:00,1.06178,1.062,1.06155,1.06181,555,1671106320000
2022-12-15 12:15:00,1.06177,1.06182,1.0613,1.06155,607,1671106500000
2022-12-15 12:18:00,1.06155,1.06211,1.0615,1.06207,581,1671106680000
2022-12-15 12:21:00,1.06206,1.06242,1.0619,1.06209,598,1671106860000
2022-12-15 12:24:00,1.0621,1.06213,1.0616,1.06193,626,1671107040000
2022-12-15 12:27:00,1.06191,1.06229,1.0618,1.06215,626,1671107220000
2022-12-15 12:30:00,1.06213,1.0622,1.0615,1.06172,624,1671107400000
2022-12-15 12:33:00,1.06173,1.06182,1.0615,1.06176,508,1671107580000
2022-12-15 12:36:00,1.06179,1.06219,1.0615,1.0621,549,1671107760000
2022-12-15 12:39:00,1.06205,1.0624,1.0619,1.06228,446,1671107940000
2022-12-15 12:42:00,1.06228,1.06233,1.0619,1.06219,451,1671108120000
2022-12-15 12:45:00,1.06216,1.0623,1.0619,1.06225,410,1671108300000
2022-12-15 12:48:00,1.06226,1.06226,1.0615,1.06185,416,1671108480000
2022-12-15 12:51:00,1.06183,1.06233,1.0618,1.06231,387,1671108660000
2022-12-15 12:54:00,1.06232,1.0626,1.0621,1.06259,426,1671108840000
2022-12-15 12:57:00,1.0625,1.06279,1.06224,1.06229,572,1671109020000
2022-12-15 13:00:00,1.06231,1.0624,1.0614,1.0617,706,1671109200000
2022-12-15 13:03:00,1.06168,1.06197,1.06158,1.06183,627,1671109380000
2022-12-15 13:06:00,1.06184,1.0619,1.06135,1.06168,602,1671109560000
2022-12-15 13:09:00,1.06169,1.06199,1.0614,1.06194,552,1671109740000
2022-12-15 13:12:00,1.06193,1.06252,1.06185,1.06217,717,1671109920000
2022-12-15 13:15:00,1.0622,1.06449,1.06157,1.06379,995,1671110100000
2022-12-15 13:18:00,1.06377,1.0646,1.06315,1.06426,896,1671110280000
2022-12-15 13:21:00,1.06427,1.06464,1.064,1.06432,953,1671110460000
2022-12-15 13:24:00,1.06432,1.06446,1.06298,1.06381,885,1671110640000
2022-12-15 13:27:00,1.06367,1.0641,1.0635,1.06388,814,1671110820000
2022-12-15 13:30:00,1.06393,1.06548,1.06378,1.06523,1039,1671111000000
2022-12-15 13:33:00,1.06519,1.06569,1.06489,1.06535,1083,1671111180000
2022-12-15 13:36:00,1.06536,1.06544,1.0646,1.06484,964,1671111360000
2022-12-15 13:39:00,1.06485,1.06553,1.0646,1.06525,858,1671111540000
2022-12-15 13:42:00,1.06523,1.06679,1.065,1.06629,898,1671111720000
2022-12-15 13:45:00,1.06623,1.06652,1.06521,1.0653,921,1671111900000
2022-12-15 13:48:00,1.06529,1.06564,1.0646,1.06474,894,1671112080000
2022-12-15 13:51:00,1.06479,1.06496,1.0641,1.06428,1002,1671112260000
2022-12-15 13:54:00,1.06427,1.06544,1.06424,1.06508,938,1671112440000
2022-12-15 13:57:00,1.06509,1.0654,1.0646,1.06523,866,1671112620000
2022-12-15 14:00:00,1.06524,1.06573,1.0647,1.06542,836,1671112800000
2022-12-15 14:03:00,1.06541,1.0666,1.06541,1.06658,857,1671112980000
2022-12-15 14:06:00,1.06655,1.06971,1.06645,1.06936,1100,1671113160000
2022-12-15 14:09:00,1.06938,1.07107,1.06934,1.07072,1178,1671113340000
2022-12-15 14:12:00,1.0707,1.07237,1.0702,1.0709,1069,1671113520000
2022-12-15 14:15:00,1.0709,1.07358,1.07089,1.07224,1123,1671113700000
2022-12-15 14:18:00,1.07225,1.07313,1.07156,1.07209,1011,1671113880000
2022-12-15 14:21:00,1.07209,1.07246,1.0714,1.07194,989,1671114060000
2022-12-15 14:24:00,1.07193,1.07193,1.0705,1.07089,972,1671114240000
2022-12-15 14:27:00,1.0708,1.07149,1.0704,1.07058,952,1671114420000
2022-12-15 14:30:00,1.0706,1.07107,1.07004,1.07017,1094,1671114600000
2022-12-15 14:33:00,1.0702,1.07129,1.07005,1.0703,1063,1671114780000
2022-12-15 14:36:00,1.07031,1.07031,1.06846,1.07008,1049,1671114960000
2022-12-15 14:39:00,1.07009,1.07063,1.0696,1.07,1058,1671115140000
2022-12-15 14:42:00,1.07005,1.07073,1.06931,1.07035,1080,1671115320000
2022-12-15 14:45:00,1.07041,1.07056,1.0695,1.06986,1042,1671115500000
2022-12-15 14:48:00,1.06983,1.07033,1.06905,1.07033,1028,1671115680000
2022-12-15 14:51:00,1.0703,1.07087,1.0699,1.07048,1044,1671115860000
2022-12-15 14:54:00,1.07041,1.0706,1.0697,1.07022,1001,1671116040000
2022-12-15 14:57:00,1.07024,1.07029,1.0694,1.06988,942,1671116220000
2022-12-15 15:00:00,1.06989,1.07044,1.0696,1.07007,995,1671116400000
2022-12-15 15:03:00,1.07009,1.07048,1.06786,1.0682,1086,1671116580000
2022-12-15 15:06:00,1.0683,1.06841,1.0674,1.06764,1114,1671116760000
2022-12-15 15:09:00,1.06765,1.0678,1.06586,1.06714,1080,1671116940000
2022-12-15 15:12:00,1.06713,1.06714,1.06601,1.06635,1039,1671117120000
2022-12-15 15:15:00,1.06636,1.06653,1.0655,1.06644,1029,1671117300000
2022-12-15 15:18:00,1.0665,1.06655,1.06533,1.06577,1038,1671117480000
2022-12-15 15:21:00,1.06577,1.06596,1.06408,1.06439,1037,1671117660000
2022-12-15 15:24:00,1.06441,1.06471,1.0638,1.06435,964,1671117840000
2022-12-15 15:27:00,1.06436,1.06448,1.0636,1.06408,1018,1671118020000
2022-12-15 15:30:00,1.06407,1.06409,1.06233,1.06292,980,1671118200000
2022-12-15 15:33:00,1.06297,1.06435,1.0627,1.0637,1029,1671118380000
2022-12-15 15:36:00,1.0637,1.06472,1.06324,1.06462,1078,1671118560000
2022-12-15 15:39:00,1.06453,1.06535,1.06448,1.06454,896,1671118740000
2022-12-15 15:42:00,1.06453,1.06464,1.06406,1.06429,853,1671118920000
2022-12-15 15:45:00,1.06432,1.06462,1.0634,1.06361,887,1671119100000
2022-12-15 15:48:00,1.06361,1.06435,1.063,1.06371,890,1671119280000
2022-12-15 15:51:00,1.06369,1.06441,1.0636,1.06389,915,1671119460000
2022-12-15 15:54:00,1.0639,1.06569,1.0637,1.06532,891,1671119640000
2022-12-15 15:57:00,1.06533,1.06533,1.06445,1.06485,893,1671119820000
2022-12-15 16:00:00,1.06478,1.06545,1.0647,1.06492,875,1671120000000
2022-12-15 16:03:00,1.06493,1.06533,1.06454,1.0649,728,1671120180000
2022-12-15 16:06:00,1.06484,1.06565,1.06462,1.06543,789,1671120360000
2022-12-15 16:09:00,1.06541,1.06552,1.0648,1.0651,698,1671120540000
2022-12-15 16:12:00,1.06508,1.06535,1.0642,1.06465,805,1671120720000
2022-12-15 16:15:00,1.06461,1.065,1.06392,1.06398,931,1671120900000
2022-12-15 16:18:00,1.06399,1.06465,1.06382,1.06402,743,1671121080000
2022-12-15 16:21:00,1.06399,1.06437,1.06374,1.06416,804,1671121260000
2022-12-15 16:24:00,1.06412,1.06419,1.06341,1.06367,828,1671121440000
2022-12-15 16:27:00,1.06368,1.0648,1.0636,1.06477,759,1671121620000
2022-12-15 16:30:00,1.06478,1.06492,1.0644,1.06476,804,1671121800000
2022-12-15 16:33:00,1.06474,1.06541,1.0646,1.06489,646,1671121980000
2022-12-15 16:36:00,1.0646,1.06513,1.064,1.06417,689,1671122160000
2022-12-15 16:39:00,1.06416,1.06439,1.06352,1.06381,649,1671122340000
2022-12-15 16:42:00,1.06381,1.06381,1.0628,1.06315,693,1671122520000
2022-12-15 16:45:00,1.06317,1.06364,1.063,1.06325,775,1671122700000
2022-12-15 16:48:00,1.06325,1.0636,1.063,1.06346,745,1671122880000
2022-12-15 16:51:00,1.06345,1.06387,1.06333,1.06365,703,1671123060000
2022-12-15 16:54:00,1.06364,1.06409,1.0635,1.06381,726,1671123240000
2022-12-15 16:57:00,1.06385,1.06401,1.0634,1.06371,746,1671123420000
2022-12-15 17:00:00,1.06372,1.06385,1.0633,1.06338,695,1671123600000
2022-12-15 17:03:00,1.06336,1.0635,1.0626,1.06276,654,1671123780000
2022-12-15 17:06:00,1.06267,1.0628,1.06094,1.06119,731,1671123960000
2022-12-15 17:09:00,1.06121,1.06125,1.05968,1.06018,879,1671124140000
2022-12-15 17:12:00,1.06016,1.06057,1.0593,1.05937,827,1671124320000
2022-12-15 17:15:00,1.05938,1.06006,1.05927,1.05999,790,1671124500000
2022-12-15 17:18:00,1.06004,1.0604,1.0598,1.06009,717,1671124680000
2022-12-15 17:21:00,1.06011,1.06031,1.0597,1.06018,711,1671124860000
2022-12-15 17:24:00,1.06023,1.06031,1.0599,1.06012,721,1671125040000
2022-12-15 17:27:00,1.0601,1.06088,1.06005,1.06087,607,1671125220000
2022-12-15 17:30:00,1.06085,1.06146,1.0605,1.06137,805,1671125400000
2022-12-15 17:33:00,1.06143,1.0617,1.0612,1.06141,686,1671125580000
2022-12-15 17:36:00,1.06139,1.0615,1.0607,1.06093,649,1671125760000
2022-12-15 17:39:00,1.06092,1.0612,1.0606,1.06111,564,1671125940000
2022-12-15 17:42:00,1.06111,1.06127,1.0608,1.06093,696,1671126120000
2022-12-15 17:45:00,1.06087,1.06111,1.0601,1.06047,556,1671126300000
2022-12-15 17:48:00,1.06048,1.0606,1.05997,1.05997,551,1671126480000
2022-12-15 17:51:00,1.05997,1.06033,1.0598,1.06019,633,1671126660000
2022-12-15 17:54:00,1.06011,1.06017,1.0594,1.05998,638,1671126840000
2022-12-15 17:57:00,1.05994,1.0602,1.0597,1.05988,650,1671127020000
2022-12-15 18:00:00,1.0598,1.06005,1.0594,1.0597,660,1671127200000
2022-12-15 18:03:00,1.0597,1.05994,1.0595,1.05982,539,1671127380000
2022-12-15 18:06:00,1.05981,1.06013,1.0595,1.05965,577,1671127560000
2022-12-15 18:09:00,1.0596,1.05979,1.05918,1.05974,578,1671127740000
2022-12-15 18:12:00,1.05973,1.06039,1.05968,1.05992,641,1671127920000
2022-12-15 18:15:00,1.05991,1.06049,1.0597,1.06033,561,1671128100000
2022-12-15 18:18:00,1.06034,1.06067,1.0602,1.06064,578,1671128280000
2022-12-15 18:21:00,1.06065,1.06078,1.0602,1.06039,502,1671128460000
2022-12-15 18:24:00,1.06039,1.06072,1.0603,1.06064,491,1671128640000
2022-12-15 18:27:00,1.06064,1.06076,1.0604,1.06058,460,1671128820000
2022-12-15 18:30:00,1.06062,1.06068,1.0603,1.06054,439,1671129000000
2022-12-15 18:33:00,1.06053,1.06107,1.0604,1.06102,407,1671129180000
2022-12-15 18:36:00,1.06101,1.06136,1.0607,1.06125,516,1671129360000
2022-12-15 18:39:00,1.06121,1.06172,1.0611,1.06171,439,1671129540000
2022-12-15 18:42:00,1.06168,1.06179,1.0612,1.06135,472,1671129720000
2022-12-15 18:45:00,1.06136,1.06174,1.0612,1.06174,436,1671129900000
2022-12-15 18:48:00,1.06176,1.06198,1.0615,1.06175,392,1671130080000
2022-12-15 18:51:00,1.06172,1.06184,1.0614,1.06167,460,1671130260000
2022-12-15 18:54:00,1.06166,1.06204,1.0615,1.06201,493,1671130440000
2022-12-15 18:57:00,1.062,1.06238,1.0618,1.06222,488,1671130620000
2022-12-15 19:00:00,1.06222,1.06273,1.062,1.06262,550,1671130800000
2022-12-15 19:03:00,1.06261,1.06285,1.06248,1.06255,494,1671130980000
2022-12-15 19:06:00,1.06254,1.06265,1.0622,1.06231,471,1671131160000
2022-12-15 19:09:00,1.06232,1.06277,1.0622,1.06259,477,1671131340000
2022-12-15 19:12:00,1.06257,1.0628,1.0624,1.06265,458,1671131520000
2022-12-15 19:15:00,1.06264,1.06284,1.0625,1.06279,375,1671131700000
2022-12-15 19:18:00,1.06277,1.06287,1.0625,1.06272,341,1671131880000
2022-12-15 19:21:00,1.06271,1.06273,1.0622,1.06266,473,1671132060000
2022-12-15 19:24:00,1.06264,1.06273,1.0624,1.06256,389,1671132240000
2022-12-15 19:27:00,1.06257,1.0626,1.0621,1.06239,366,1671132420000
2022-12-15 19:30:00,1.06236,1.06262,1.0618,1.06195,528,1671132600000
2022-12-15 19:33:00,1.062,1.06229,1.0618,1.0622,516,1671132780000
2022-12-15 19:36:00,1.06219,1.06305,1.0621,1.0629,529,1671132960000
2022-12-15 19:39:00,1.06291,1.06345,1.0627,1.06335,510,1671133140000
2022-12-15 19:42:00,1.06336,1.06345,1.0629,1.06338,490,1671133320000
2022-12-15 19:45:00,1.06338,1.0634,1.0631,1.06322,404,1671133500000
2022-12-15 19:48:00,1.0633,1.0634,1.063,1.06328,348,1671133680000
2022-12-15 19:51:00,1.06329,1.0637,1.06286,1.06359,566,1671133860000
2022-12-15 19:54:00,1.0636,1.0637,1.0629,1.06308,477,1671134040000
2022-12-15 19:57:00,1.06309,1.06324,1.0627,1.06309,462,1671134220000
2022-12-15 20:00:00,1.06308,1.06338,1.0628,1.0632,493,1671134400000
2022-12-15 20:03:00,1.06319,1.06335,1.063,1.06331,478,1671134580000
2022-12-15 20:06:00,1.06332,1.06382,1.0632,1.0638,444,1671134760000
2022-12-15 20:09:00,1.06378,1.06383,1.0634,1.06356,403,1671134940000
2022-12-15 20:12:00,1.06352,1.06352,1.0631,1.06337,446,1671135120000
2022-12-15 20:15:00,1.06334,1.0635,1.0632,1.06341,419,1671135300000
2022-12-15 20:18:00,1.06338,1.0637,1.0632,1.06366,558,1671135480000
2022-12-15 20:21:00,1.06362,1.06369,1.06327,1.06333,476,1671135660000
2022-12-15 20:24:00,1.06334,1.06336,1.063,1.06311,383,1671135840000
2022-12-15 20:27:00,1.0631,1.06312,1.0627,1.06288,342,1671136020000
2022-12-15 20:30:00,1.06289,1.063,1.0627,1.06289,401,1671136200000
2022-12-15 20:33:00,1.06287,1.06293,1.0626,1.06266,328,1671136380000
2022-12-15 20:36:00,1.0627,1.0627,1.0622,1.06246,340,1671136560000
2022-12-15 20:39:00,1.06247,1.06255,1.06219,1.06223,469,1671136740000
2022-12-15 20:42:00,1.0622,1.06252,1.0621,1.06241,392,1671136920000
2022-12-15 20:45:00,1.0624,1.0625,1.0621,1.06222,421,1671137100000
2022-12-15 20:48:00,1.06219,1.06252,1.062,1.06242,434,1671137280000
2022-12-15 20:51:00,1.06243,1.0628,1.0622,1.06258,457,1671137460000
2022-12-15 20:54:00,1.06257,1.0627,1.0623,1.0625,425,1671137640000
2022-12-15 20:57:00,1.0625,1.06272,1.0622,1.06251,487,1671137820000
2022-12-15 21:00:00,1.06249,1.06262,1.0622,1.06235,422,1671138000000
2022-12-15 21:03:00,1.06234,1.0624,1.0621,1.06232,337,1671138180000
2022-12-15 21:06:00,1.06231,1.06233,1.062,1.06221,315,1671138360000
2022-12-15 21:09:00,1.06223,1.06223,1.0619,1.06205,247,1671138540000
2022-12-15 21:12:00,1.06206,1.06224,1.0618,1.06214,251,1671138720000
2022-12-15 21:15:00,1.06215,1.06221,1.0618,1.0618,201,1671138900000
2022-12-15 21:18:00,1.06201,1.06222,1.0618,1.06216,170,1671139080000
2022-12-15 21:21:00,1.06222,1.0623,1.062,1.06227,192,1671139260000
2022-12-15 21:24:00,1.06228,1.06255,1.0621,1.06249,181,1671139440000
2022-12-15 21:27:00,1.06252,1.06254,1.0622,1.0623,195,1671139620000
2022-12-15 21:30:00,1.06247,1.06264,1.0623,1.06238,199,1671139800000
2022-12-15 21:33:00,1.06237,1.06245,1.0621,1.0624,145,1671139980000
2022-12-15 21:36:00,1.06237,1.06255,1.0622,1.0624,152,1671140160000
2022-12-15 21:39:00,1.06252,1.0626,1.0621,1.06234,161,1671140340000
2022-12-15 21:42:00,1.06235,1.06251,1.0622,1.06243,198,1671140520000
2022-12-15 21:45:00,1.06242,1.06266,1.0623,1.06253,149,1671140700000
2022-12-15 21:48:00,1.06254,1.06272,1.0624,1.06271,207,1671140880000
2022-12-15 21:51:00,1.0627,1.0628,1.0626,1.06267,154,1671141060000
2022-12-15 21:54:00,1.06274,1.0628,1.0623,1.0625,228,1671141240000
2022-12-15 21:57:00,1.06249,1.06274,1.0624,1.06247,211,1671141420000
2022-12-15 22:00:00,1.06247,1.0628,1.0622,1.06257,38,1671141600000
2022-12-15 22:03:00,1.06281,1.063,1.06221,1.0624,40,1671141780000
2022-12-15 22:06:00,1.06221,1.0626,1.0622,1.0624,26,1671141960000
2022-12-15 22:09:00,1.0625,1.0625,1.06176,1.06221,50,1671142140000
2022-12-15 22:12:00,1.06203,1.0625,1.06188,1.06236,283,1671142320000
2022-12-15 22:15:00,1.06222,1.0625,1.06182,1.06222,76,1671142500000
2022-12-15 22:18:00,1.0622,1.0625,1.0621,1.06229,32,1671142680000
2022-12-15 22:21:00,1.06229,1.0626,1.06216,1.0624,36,1671142860000
2022-12-15 22:24:00,1.0625,1.0626,1.06225,1.0626,45,1671143040000
2022-12-15 22:27:00,1.06235,1.06279,1.06227,1.06263,81,1671143220000
2022-12-15 22:30:00,1.06278,1.063,1.06252,1.06281,545,1671143400000
2022-12-15 22:33:00,1.06279,1.063,1.06257,1.06283,453,1671143580000
2022-12-15 22:36:00,1.063,1.063,1.06257,1.06269,499,1671143760000
2022-12-15 22:39:00,1.0627,1.0631,1.06257,1.0631,230,1671143940000
2022-12-15 22:42:00,1.06288,1.0631,1.06275,1.06282,141,1671144120000
2022-12-15 22:45:00,1.06281,1.0631,1.0626,1.06276,412,1671144300000
2022-12-15 22:48:00,1.06275,1.063,1.06261,1.06272,418,1671144480000
2022-12-15 22:51:00,1.06275,1.063,1.0627,1.0627,88,1671144660000
2022-12-15 22:54:00,1.06271,1.063,1.06268,1.06274,77,1671144840000
2022-12-15 22:57:00,1.06274,1.063,1.06268,1.0628,78,1671145020000
2022-12-15 23:00:00,1.06296,1.06326,1.0626,1.06296,316,1671145200000
2022-12-15 23:03:00,1.06294,1.06302,1.0627,1.06285,238,1671145380000
2022-12-15 23:06:00,1.06283,1.06284,1.0626,1.0628,177,1671145560000
2022-12-15 23:09:00,1.06279,1.063,1.0626,1.0628,218,1671145740000
2022-12-15 23:12:00,1.06281,1.06301,1.0626,1.06292,206,1671145920000
2022-12-15 23:15:00,1.06293,1.06294,1.0626,1.06279,158,1671146100000
2022-12-15 23:18:00,1.06278,1.06284,1.0626,1.0627,164,1671146280000
2022-12-15 23:21:00,1.06269,1.063,1.0625,1.0629,173,1671146460000
2022-12-15 23:24:00,1.06288,1.063,1.0627,1.0629,132,1671146640000
2022-12-15 23:27:00,1.06285,1.063,1.0627,1.06289,74,1671146820000
2022-12-15 23:30:00,1.06288,1.06293,1.0626,1.06293,110,1671147000000
2022-12-15 23:33:00,1.06291,1.063,1.0627,1.06281,154,1671147180000
2022-12-15 23:36:00,1.06282,1.06302,1.0627,1.063,184,1671147360000
2022-12-15 23:39:00,1.06301,1.0632,1.0628,1.06319,314,1671147540000
2022-12-15 23:42:00,1.06311,1.06332,1.0629,1.06328,231,1671147720000
2022-12-15 23:45:00,1.06329,1.0635,1.0631,1.06344,178,1671147900000
2022-12-15 23:48:00,1.0635,1.06363,1.0633,1.06361,250,1671148080000
2022-12-15 23:51:00,1.06358,1.0637,1.0634,1.06359,142,1671148260000
2022-12-15 23:54:00,1.0634,1.0638,1.0634,1.06367,149,1671148440000
2022-12-15 23:57:00,1.06368,1.06391,1.0635,1.06386,168,1671148620000
2022-12-16 00:00:00,1.06385,1.06408,1.0636,1.06407,356,1671148800000
2022-12-16 00:03:00,1.06406,1.06407,1.0636,1.06387,394,1671148980000
2022-12-16 00:06:00,1.06388,1.06402,1.0636,1.06399,356,1671149160000
2022-12-16 00:09:00,1.06398,1.06403,1.0637,1.06395,362,1671149340000
2022-12-16 00:12:00,1.0639,1.064,1.0636,1.06379,271,1671149520000
2022-12-16 00:15:00,1.06377,1.0639,1.0636,1.06379,279,1671149700000
2022-12-16 00:18:00,1.0638,1.06393,1.0636,1.06384,230,1671149880000
2022-12-16 00:21:00,1.0638,1.06392,1.0636,1.0638,192,1671150060000
2022-12-16 00:24:00,1.06388,1.064,1.0637,1.06398,278,1671150240000
2022-12-16 00:27:00,1.06397,1.06425,1.0638,1.06419,337,1671150420000
2022-12-16 00:30:00,1.0641,1.0643,1.064,1.06422,260,1671150600000
2022-12-16 00:33:00,1.0642,1.0643,1.0639,1.06414,239,1671150780000
2022-12-16 00:36:00,1.06415,1.06415,1.0639,1.06398,252,1671150960000
2022-12-16 00:39:00,1.06396,1.06413,1.0638,1.06408,292,1671151140000
2022-12-16 00:42:00,1.06409,1.06418,1.0638,1.06397,308,1671151320000
2022-12-16 00:45:00,1.06397,1.06407,1.0638,1.06397,224,1671151500000
2022-12-16 00:48:00,1.06394,1.064,1.0637,1.06395,244,1671151680000
2022-12-16 00:51:00,1.06394,1.064,1.0635,1.06371,319,1671151860000
2022-12-16 00:54:00,1.0637,1.06398,1.0633,1.06363,451,1671152040000
2022-12-16 00:57:00,1.06362,1.0641,1.0634,1.06407,319,1671152220000
2022-12-16 01:00:00,1.06406,1.06434,1.0639,1.06409,546,1671152400000
2022-12-16 01:03:00,1.06406,1.06452,1.064,1.06423,499,1671152580000
2022-12-16 01:06:00,1.06424,1.06442,1.0639,1.06404,488,1671152760000
2022-12-16 01:09:00,1.06406,1.06425,1.0638,1.06394,463,1671152940000
2022-12-16 01:12:00,1.06391,1.06413,1.0637,1.06398,285,1671153120000
2022-12-16 01:15:00,1.06396,1.06421,1.0638,1.06419,560,1671153300000
2022-12-16 01:18:00,1.06418,1.06423,1.0638,1.06402,526,1671153480000
2022-12-16 01:21:00,1.06396,1.06422,1.0638,1.06412,461,1671153660000
2022-12-16 01:24:00,1.06406,1.06428,1.0638,1.06426,490,1671153840000
2022-12-16 01:27:00,1.06428,1.06434,1.0639,1.06406,549,1671154020000
2022-12-16 01:30:00,1.0639,1.06433,1.0639,1.06414,545,1671154200000
2022-12-16 01:33:00,1.06416,1.06427,1.0638,1.06401,569,1671154380000
2022-12-16 01:36:00,1.064,1.06442,1.0639,1.06411,604,1671154560000
2022-12-16 01:39:00,1.06408,1.06447,1.0638,1.0643,563,1671154740000
2022-12-16 01:42:00,1.06429,1.06445,1.064,1.06435,520,1671154920000
2022-12-16 01:45:00,1.06434,1.0644,1.06399,1.06418,493,1671155100000
2022-12-16 01:48:00,1.06419,1.0644,1.064,1.06436,479,1671155280000
2022-12-16 01:51:00,1.06435,1.06471,1.0641,1.06467,471,1671155460000
2022-12-16 01:54:00,1.06468,1.0647,1.0641,1.06418,494,1671155640000
2022-12-16 01:57:00,1.0642,1.06425,1.064,1.06416,464,1671155820000
2022-12-16 02:00:00,1.06415,1.06472,1.064,1.0647,510,1671156000000
2022-12-16 02:03:00,1.06473,1.0648,1.0643,1.06453,375,1671156180000
2022-12-16 02:06:00,1.06455,1.06492,1.0644,1.06484,394,1671156360000
2022-12-16 02:09:00,1.06485,1.0649,1.0645,1.06477,471,1671156540000
2022-12-16 02:12:00,1.06476,1.0648,1.0645,1.06464,376,1671156720000
2022-12-16 02:15:00,1.06465,1.06484,1.0644,1.06481,406,1671156900000
2022-12-16 02:18:00,1.06485,1.065,1.0647,1.06489,332,1671157080000
2022-12-16 02:21:00,1.06488,1.065,1.0645,1.06473,382,1671157260000
2022-12-16 02:24:00,1.06471,1.06492,1.0645,1.0648,357,1671157440000
2022-12-16 02:27:00,1.06479,1.06535,1.0646,1.06521,463,1671157620000
2022-12-16 02:30:00,1.0652,1.06586,1.0651,1.06565,584,1671157800000
2022-12-16 02:33:00,1.06566,1.06625,1.0655,1.06606,467,1671157980000
2022-12-16 02:36:00,1.06606,1.06612,1.0656,1.06571,406,1671158160000
2022-12-16 02:39:00,1.0657,1.06582,1.0654,1.06582,544,1671158340000
2022-12-16 02:42:00,1.06582,1.06601,1.0656,1.06571,441,1671158520000
2022-12-16 02:45:00,1.06572,1.0658,1.0653,1.06548,390,1671158700000
2022-12-16 02:48:00,1.06546,1.06551,1.0652,1.06532,448,1671158880000
2022-12-16 02:51:00,1.06533,1.06554,1.0651,1.06527,436,1671159060000
2022-12-16 02:54:00,1.06528,1.06529,1.0649,1.06506,335,1671159240000
2022-12-16 02:57:00,1.06505,1.06511,1.0648,1.06505,311,1671159420000
2022-12-16 03:00:00,1.06506,1.06512,1.0649,1.06501,379,1671159600000
2022-12-16 03:03:00,1.065,1.0651,1.0648,1.06497,319,1671159780000
2022-12-16 03:06:00,1.06494,1.065,1.0646,1.06471,366,1671159960000
2022-12-16 03:09:00,1.06473,1.06492,1.0646,1.0649,291,1671160140000
2022-12-16 03:12:00,1.06489,1.06516,1.0647,1.06511,291,1671160320000
2022-12-16 03:15:00,1.06509,1.06532,1.0649,1.06521,323,1671160500000
2022-12-16 03:18:00,1.06521,1.0653,1.065,1.06513,334,1671160680000
2022-12-16 03:21:00,1.06512,1.06513,1.0646,1.0648,387,1671160860000
2022-12-16 03:24:00,1.06481,1.06482,1.0645,1.06464,353,1671161040000
2022-12-16 03:27:00,1.06466,1.06476,1.0644,1.06472,236,1671161220000
2022-12-16 03:30:00,1.06475,1.06486,1.0646,1.06476,116,1671161400000
2022-12-16 03:33:00,1.06476,1.06481,1.0645,1.06466,392,1671161580000
2022-12-16 03:36:00,1.06467,1.06493,1.0645,1.06471,412,1671161760000
2022-12-16 03:39:00,1.0647,1.06481,1.0644,1.06474,342,1671161940000
2022-12-16 03:42:00,1.06473,1.0648,1.0644,1.06476,325,1671162120000
2022-12-16 03:45:00,1.06477,1.06485,1.0645,1.06474,332,1671162300000
2022-12-16 03:48:00,1.06471,1.0648,1.0646,1.06477,30,1671162480000
2022-12-16 03:51:00,1.06477,1.0648,1.0644,1.06455,252,1671162660000
2022-12-16 03:54:00,1.06454,1.0647,1.0644,1.06463,270,1671162840000
2022-12-16 03:57:00,1.06464,1.06477,1.0644,1.06477,257,1671163020000
2022-12-16 04:00:00,1.06476,1.06483,1.0646,1.06476,325,1671163200000
2022-12-16 04:03:00,1.06475,1.06482,1.0645,1.06471,315,1671163380000
2022-12-16 04:06:00,1.06472,1.0649,1.0645,1.06485,261,1671163560000
2022-12-16 04:09:00,1.06484,1.06506,1.0646,1.06504,291,1671163740000
2022-12-16 04:12:00,1.06502,1.06514,1.0649,1.065,213,1671163920000
2022-12-16 04:15:00,1.06511,1.06514,1.0648,1.06503,236,1671164100000
2022-12-16 04:18:00,1.065,1.0651,1.0648,1.06491,258,1671164280000
2022-12-16 04:21:00,1.06491,1.06494,1.0646,1.06481,284,1671164460000
2022-12-16 04:24:00,1.0648,1.0648,1.0644,1.06476,293,1671164640000
2022-12-16 04:27:00,1.06476,1.06485,1.0644,1.0644,140,1671164820000
2022-12-16 04:30:00,1.06469,1.0647,1.0645,1.06465,15,1671165000000
2022-12-16 04:33:00,1.06475,1.0648,1.0646,1.0647,100,1671165180000
2022-12-16 04:36:00,1.0648,1.06492,1.0645,1.06491,276,1671165360000
2022-12-16 04:39:00,1.0649,1.06492,1.0645,1.06485,364,1671165540000
2022-12-16 04:42:00,1.06484,1.06491,1.0645,1.06468,272,1671165720000
2022-12-16 04:45:00,1.06468,1.0647,1.0644,1.06457,325,1671165900000
2022-12-16 04:48:00,1.06458,1.06461,1.0642,1.06445,288,1671166080000
2022-12-16 04:51:00,1.06442,1.0646,1.0643,1.0645,308,1671166260000
2022-12-16 04:54:00,1.06449,1.0647,1.0643,1.06461,294,1671166440000
2022-12-16 04:57:00,1.0646,1.06477,1.0644,1.0644,337,1671166620000
2022-12-16 05:00:00,1.06459,1.06469,1.0644,1.06463,162,1671166800000
2022-12-16 05:03:00,1.06479,1.0648,1.0646,1.06477,32,1671166980000
2022-12-16 05:06:00,1.06471,1.06475,1.0645,1.06472,131,1671167160000
2022-12-16 05:09:00,1.06473,1.06473,1.0644,1.0647,164,1671167340000
2022-12-16 05:12:00,1.06467,1.0647,1.0643,1.06446,315,1671167520000
2022-12-16 05:15:00,1.06447,1.0647,1.0643,1.06466,317,1671167700000
2022-12-16 05:18:00,1.06466,1.0647,1.0643,1.06444,307,1671167880000
2022-12-16 05:21:00,1.06443,1.0645,1.064,1.06429,305,1671168060000
2022-12-16 05:24:00,1.06429,1.06452,1.0641,1.06448,279,1671168240000
2022-12-16 05:27:00,1.06449,1.0646,1.0643,1.0644,292,1671168420000
2022-12-16 05:30:00,1.06442,1.06443,1.0641,1.06433,340,1671168600000
2022-12-16 05:33:00,1.06431,1.0644,1.064,1.06429,349,1671168780000
2022-12-16 05:36:00,1.0643,1.06437,1.064,1.06431,386,1671168960000
2022-12-16 05:39:00,1.0643,1.06443,1.0641,1.06425,407,1671169140000
2022-12-16 05:42:00,1.06426,1.0645,1.0641,1.0644,268,1671169320000
2022-12-16 05:45:00,1.06441,1.06448,1.0641,1.06425,268,1671169500000
2022-12-16 05:48:00,1.0642,1.06437,1.0639,1.06422,322,1671169680000
2022-12-16 05:51:00,1.06421,1.06441,1.064,1.06424,399,1671169860000
2022-12-16 05:54:00,1.06423,1.06433,1.064,1.06431,341,1671170040000
2022-12-16 05:57:00,1.06435,1.06455,1.0641,1.06453,351,1671170220000
2022-12-16 06:00:00,1.06454,1.0646,1.0641,1.06457,382,1671170400000
2022-12-16 06:03:00,1.06459,1.06477,1.0644,1.06474,349,1671170580000
2022-12-16 06:06:00,1.06469,1.0648,1.0643,1.06471,436,1671170760000
2022-12-16 06:09:00,1.0646,1.06483,1.0645,1.06472,272,1671170940000
2022-12-16 06:12:00,1.06473,1.06483,1.0645,1.06475,263,1671171120000
2022-12-16 06:15:00,1.06476,1.0648,1.0643,1.06445,350,1671171300000
2022-12-16 06:18:00,1.06444,1.06487,1.0643,1.06486,435,1671171480000
2022-12-16 06:21:00,1.06487,1.06504,1.0647,1.06491,431,1671171660000
2022-12-16 06:24:00,1.06492,1.06492,1.0645,1.06472,392,1671171840000
2022-12-16 06:27:00,1.06474,1.06511,1.0645,1.06508,476,1671172020000
2022-12-16 06:30:00,1.06504,1.06542,1.0649,1.06541,351,1671172200000
2022-12-16 06:33:00,1.0654,1.06573,1.0652,1.06569,376,1671172380000
2022-12-16 06:36:00,1.06572,1.06584,1.0654,1.06576,401,1671172560000
2022-12-16 06:39:00,1.06577,1.06604,1.0656,1.0659,304,1671172740000
2022-12-16 06:42:00,1.06591,1.066,1.0654,1.06562,357,1671172920000
2022-12-16 06:45:00,1.06562,1.06586,1.0654,1.06584,434,1671173100000
2022-12-16 06:48:00,1.06582,1.06606,1.0656,1.06581,361,1671173280000
2022-12-16 06:51:00,1.06582,1.06606,1.0656,1.06591,357,1671173460000
2022-12-16 06:54:00,1.06592,1.06592,1.06527,1.06527,468,1671173640000
2022-12-16 06:57:00,1.06528,1.06565,1.0652,1.06561,442,1671173820000
2022-12-16 07:00:00,1.06558,1.06603,1.0655,1.06583,677,1671174000000
2022-12-16 07:03:00,1.06583,1.06583,1.06527,1.06529,544,1671174180000
2022-12-16 07:06:00,1.06532,1.0657,1.0652,1.06564,621,1671174360000
2022-12-16 07:09:00,1.06565,1.0658,1.0654,1.06558,467,1671174540000
2022-12-16 07:12:00,1.06557,1.06621,1.0654,1.06618,572,1671174720000
2022-12-16 07:15:00,1.06617,1.06627,1.0657,1.06617,541,1671174900000
2022-12-16 07:18:00,1.06613,1.0662,1.0657,1.06583,500,1671175080000
2022-12-16 07:21:00,1.06584,1.06614,1.0655,1.06612,648,1671175260000
2022-12-16 07:24:00,1.06605,1.0661,1.0655,1.06564,594,1671175440000
2022-12-16 07:27:00,1.06561,1.06607,1.0654,1.06557,491,1671175620000
2022-12-16 07:30:00,1.0656,1.06579,1.0653,1.06571,602,1671175800000
2022-12-16 07:33:00,1.06572,1.0658,1.0652,1.06524,539,1671175980000
2022-12-16 07:36:00,1.06523,1.06551,1.065,1.0653,538,1671176160000
2022-12-16 07:39:00,1.06531,1.06535,1.0644,1.0646,551,1671176340000
2022-12-16 07:42:00,1.06464,1.06466,1.0639,1.06408,599,1671176520000
2022-12-16 07:45:00,1.06409,1.06442,1.064,1.06425,561,1671176700000
2022-12-16 07:48:00,1.06425,1.06437,1.0638,1.06407,520,1671176880000
2022-12-16 07:51:00,1.06409,1.0642,1.06344,1.06354,502,1671177060000
2022-12-16 07:54:00,1.06355,1.06384,1.0634,1.06352,551,1671177240000
2022-12-16 07:57:00,1.06351,1.0637,1.0629,1.0631,699,1671177420000
2022-12-16 08:00:00,1.06312,1.06397,1.0631,1.06384,770,1671177600000
2022-12-16 08:03:00,1.06377,1.06405,1.0635,1.06393,689,1671177780000
2022-12-16 08:06:00,1.0639,1.0641,1.0634,1.06381,522,1671177960000
2022-12-16 08:09:00,1.0638,1.06381,1.0634,1.06377,518,1671178140000
2022-12-16 08:12:00,1.06374,1.06412,1.0634,1.06395,673,1671178320000
2022-12-16 08:15:00,1.06392,1.0642,1.0633,1.0635,631,1671178500000
2022-12-16 08:18:00,1.06348,1.06362,1.0629,1.06331,616,1671178680000
2022-12-16 08:21:00,1.06333,1.06375,1.0632,1.06368,511,1671178860000
2022-12-16 08:24:00,1.06372,1.06372,1.06275,1.0628,557,1671179040000
2022-12-16 08:27:00,1.06283,1.06301,1.0624,1.06293,793,1671179220000
2022-12-16 08:30:00,1.06295,1.06409,1.06295,1.06366,709,1671179400000
2022-12-16 08:33:00,1.06363,1.06384,1.06293,1.06344,632,1671179580000
2022-12-16 08:36:00,1.06343,1.06392,1.0633,1.06388,559,1671179760000
2022-12-16 08:39:00,1.06389,1.06442,1.0636,1.06405,670,1671179940000
2022-12-16 08:42:00,1.06406,1.06441,1.0639,1.06425,600,1671180120000
2022-12-16 08:45:00,1.06424,1.06477,1.064,1.06472,681,1671180300000
2022-12-16 08:48:00,1.06466,1.06483,1.0644,1.06483,568,1671180480000
2022-12-16 08:51:00,1.06484,1.0653,1.0646,1.0651,559,1671180660000
2022-12-16 08:54:00,1.06509,1.06574,1.0649,1.0654,625,1671180840000
2022-12-16 08:57:00,1.06539,1.06606,1.0651,1.06556,660,1671181020000
2022-12-16 09:00:00,1.06549,1.06572,1.065,1.06513,731,1671181200000
2022-12-16 09:03:00,1.06507,1.06512,1.06436,1.06441,638,1671181380000
2022-12-16 09:06:00,1.06443,1.06462,1.064,1.06407,646,1671181560000
2022-12-16 09:09:00,1.06408,1.06423,1.06347,1.06357,651,1671181740000
2022-12-16 09:12:00,1.06356,1.06369,1.0631,1.06331,621,1671181920000
2022-12-16 09:15:00,1.06333,1.06361,1.06278,1.06284,727,1671182100000
2022-12-16 09:18:00,1.06285,1.06326,1.0626,1.06323,586,1671182280000
2022-12-16 09:21:00,1.06324,1.06374,1.063,1.06346,632,1671182460000
2022-12-16 09:24:00,1.06346,1.06352,1.06281,1.06322,633,1671182640000
2022-12-16 09:27:00,1.06321,1.06327,1.0626,1.06285,580,1671182820000
2022-12-16 09:30:00,1.06279,1.06298,1.0623,1.06274,671,1671183000000
2022-12-16 09:33:00,1.06272,1.06285,1.0622,1.06261,650,1671183180000
2022-12-16 09:36:00,1.06262,1.06273,1.0621,1.06241,626,1671183360000
2022-12-16 09:39:00,1.06241,1.06241,1.0619,1.06221,567,1671183540000
2022-12-16 09:42:00,1.06222,1.06244,1.06166,1.06182,638,1671183720000
2022-12-16 09:45:00,1.0619,1.062,1.0614,1.06167,710,1671183900000
2022-12-16 09:48:00,1.06166,1.06178,1.0609,1.0611,518,1671184080000
2022-12-16 09:51:00,1.06111,1.06185,1.061,1.06151,538,1671184260000
2022-12-16 09:54:00,1.06152,1.06175,1.0612,1.06129,460,1671184440000
2022-12-16 09:57:00,1.06128,1.0614,1.061,1.06118,528,1671184620000
2022-12-16 10:00:00,1.06117,1.06139,1.0608,1.06116,587,1671184800000
2022-12-16 10:03:00,1.06111,1.06148,1.061,1.06119,591,1671184980000
2022-12-16 10:06:00,1.06118,1.06161,1.061,1.06159,560,1671185160000
2022-12-16 10:09:00,1.06153,1.06217,1.0613,1.06216,559,1671185340000
2022-12-16 10:12:00,1.06215,1.06232,1.0615,1.06164,672,1671185520000
2022-12-16 10:15:00,1.06163,1.06227,1.0614,1.06227,633,1671185700000
2022-12-16 10:18:00,1.06227,1.06248,1.062,1.06225,643,1671185880000
2022-12-16 10:21:00,1.06218,1.0623,1.0617,1.06197,557,1671186060000
2022-12-16 10:24:00,1.06197,1.06199,1.0615,1.06185,597,1671186240000
2022-12-16 10:27:00,1.0617,1.06247,1.0616,1.06238,588,1671186420000
2022-12-16 10:30:00,1.06236,1.0627,1.0619,1.06203,607,1671186600000
2022-12-16 10:33:00,1.06204,1.06227,1.0618,1.0622,586,1671186780000
2022-12-16 10:36:00,1.06222,1.06248,1.062,1.06231,515,1671186960000
2022-12-16 10:39:00,1.06228,1.06269,1.0621,1.06268,440,1671187140000
2022-12-16 10:42:00,1.06267,1.06288,1.0624,1.06283,502,1671187320000
2022-12-16 10:45:00,1.06279,1.06285,1.0623,1.06261,471,1671187500000
2022-12-16 10:48:00,1.06261,1.06273,1.0621,1.06262,458,1671187680000
2022-12-16 10:51:00,1.06258,1.06263,1.0622,1.06238,518,1671187860000
2022-12-16 10:54:00,1.06239,1.06251,1.062,1.06237,621,1671188040000
2022-12-16 10:57:00,1.06238,1.06262,1.0621,1.06236,557,1671188220000
2022-12-16 11:00:00,1.06228,1.0624,1.0619,1.06222,589,1671188400000
2022-12-16 11:03:00,1.06223,1.06248,1.062,1.06222,538,1671188580000
2022-12-16 11:06:00,1.06225,1.06276,1.0621,1.06228,617,1671188760000
2022-12-16 11:09:00,1.06226,1.06249,1.062,1.06246,520,1671188940000
2022-12-16 11:12:00,1.06243,1.06281,1.0622,1.06265,502,1671189120000
2022-12-16 11:15:00,1.06264,1.06342,1.0624,1.06333,563,1671189300000
2022-12-16 11:18:00,1.06332,1.06361,1.0632,1.06328,465,1671189480000
2022-12-16 11:21:00,1.0634,1.06392,1.0631,1.06391,354,1671189660000
2022-12-16 11:24:00,1.06388,1.06397,1.0634,1.06375,497,1671189840000
2022-12-16 11:27:00,1.06377,1.06389,1.0634,1.06357,579,1671190020000
2022-12-16 11:30:00,1.06354,1.06364,1.0633,1.0634,508,1671190200000
2022-12-16 11:33:00,1.06339,1.06351,1.063,1.06325,481,1671190380000
2022-12-16 11:36:00,1.06327,1.06352,1.0631,1.06352,371,1671190560000
2022-12-16 11:39:00,1.0635,1.06388,1.0633,1.06366,373,1671190740000
2022-12-16 11:42:00,1.06366,1.06371,1.0632,1.0634,369,1671190920000
2022-12-16 11:45:00,1.06344,1.0636,1.0628,1.06347,583,1671191100000
2022-12-16 11:48:00,1.06347,1.06359,1.0629,1.06317,473,1671191280000
2022-12-16 11:51:00,1.06316,1.0634,1.0629,1.06306,477,1671191460000
2022-12-16 11:54:00,1.06302,1.06345,1.0629,1.06342,428,1671191640000
2022-12-16 11:57:00,1.06341,1.06359,1.0629,1.06353,525,1671191820000
2022-12-16 12:00:00,1.06352,1.06384,1.0633,1.06364,583,1671192000000
2022-12-16 12:03:00,1.06365,1.06365,1.0632,1.06348,599,1671192180000
2022-12-16 12:06:00,1.06342,1.06365,1.0632,1.06349,332,1671192360000
2022-12-16 12:09:00,1.0635,1.06352,1.0632,1.06329,534,1671192540000
2022-12-16 12:12:00,1.06328,1.06346,1.0631,1.06337,505,1671192720000
2022-12-16 12:15:00,1.06334,1.06364,1.06318,1.06363,403,1671192900000
2022-12-16 12:18:00,1.06364,1.0637,1.0632,1.06357,445,1671193080000
2022-12-16 12:21:00,1.06356,1.0636,1.063,1.0632,461,1671193260000
2022-12-16 12:24:00,1.0632,1.0634,1.063,1.06335,389,1671193440000
2022-12-16 12:27:00,1.06334,1.06341,1.0629,1.06323,448,1671193620000
2022-12-16 12:30:00,1.06322,1.06323,1.0626,1.06287,573,1671193800000
2022-12-16 12:33:00,1.06287,1.06317,1.0627,1.06316,468,1671193980000
2022-12-16 12:36:00,1.06313,1.06316,1.06261,1.06274,433,1671194160000
2022-12-16 12:39:00,1.06275,1.06285,1.0624,1.06266,495,1671194340000
2022-12-16 12:42:00,1.06266,1.06272,1.0624,1.06268,499,1671194520000
2022-12-16 12:45:00,1.06267,1.06278,1.0623,1.0624,488,1671194700000
2022-12-16 12:48:00,1.0623,1.06253,1.062,1.06233,530,1671194880000
2022-12-16 12:51:00,1.06234,1.06253,1.062,1.06223,493,1671195060000
2022-12-16 12:54:00,1.06223,1.0623,1.06186,1.06186,495,1671195240000
2022-12-16 12:57:00,1.06189,1.0622,1.06165,1.06216,553,1671195420000
2022-12-16 13:00:00,1.06217,1.06232,1.0617,1.06187,659,1671195600000
2022-12-16 13:03:00,1.06185,1.0619,1.0615,1.06166,574,1671195780000
2022-12-16 13:06:00,1.06169,1.06172,1.0612,1.06155,572,1671195960000
2022-12-16 13:09:00,1.06154,1.06177,1.0613,1.06149,524,1671196140000
2022-12-16 13:12:00,1.0615,1.06185,1.0613,1.06185,473,1671196320000
2022-12-16 13:15:00,1.06184,1.06198,1.0615,1.06171,575,1671196500000
2022-12-16 13:18:00,1.0617,1.06214,1.0615,1.06213,575,1671196680000
2022-12-16 13:21:00,1.06214,1.06258,1.0618,1.06256,582,1671196860000
2022-12-16 13:24:00,1.0625,1.06267,1.0622,1.06236,589,1671197040000
2022-12-16 13:27:00,1.06237,1.06266,1.0621,1.06251,496,1671197220000
2022-12-16 13:30:00,1.06246,1.06254,1.0621,1.06236,584,1671197400000
2022-12-16 13:33:00,1.06231,1.06233,1.0618,1.06214,592,1671197580000
2022-12-16 13:36:00,1.0621,1.06235,1.0619,1.06224,617,1671197760000
2022-12-16 13:39:00,1.06226,1.0627,1.0621,1.06255,516,1671197940000
2022-12-16 13:42:00,1.06258,1.06313,1.0624,1.06284,568,1671198120000
2022-12-16 13:45:00,1.06285,1.06331,1.0627,1.06313,657,1671198300000
2022-12-16 13:48:00,1.06313,1.06322,1.0628,1.06318,642,1671198480000
2022-12-16 13:51:00,1.06319,1.06328,1.0625,1.06277,585,1671198660000
2022-12-16 13:54:00,1.06272,1.06341,1.0625,1.06333,674,1671198840000
2022-12-16 13:57:00,1.06333,1.06359,1.06309,1.06342,598,1671199020000
2022-12-16 14:00:00,1.06341,1.06418,1.06299,1.06321,806,1671199200000
2022-12-16 14:03:00,1.0632,1.06357,1.0629,1.06355,686,1671199380000
2022-12-16 14:06:00,1.0636,1.06369,1.0632,1.06329,703,1671199560000
2022-12-16 14:09:00,1.0633,1.06343,1.063,1.06327,692,1671199740000
2022-12-16 14:12:00,1.06326,1.06326,1.0621,1.06217,778,1671199920000
2022-12-16 14:15:00,1.06219,1.06235,1.06177,1.06204,837,1671200100000
2022-12-16 14:18:00,1.06199,1.06218,1.06165,1.06211,831,1671200280000
2022-12-16 14:21:00,1.06213,1.06239,1.0618,1.062,680,1671200460000
2022-12-16 14:24:00,1.06201,1.06202,1.0616,1.06186,705,1671200640000
2022-12-16 14:27:00,1.06186,1.06253,1.0616,1.0622,878,1671200820000
2022-12-16 14:30:00,1.06219,1.06307,1.062,1.06301,895,1671201000000
2022-12-16 14:33:00,1.0628,1.06386,1.0628,1.06343,929,1671201180000
2022-12-16 14:36:00,1.06342,1.06349,1.0625,1.06259,906,1671201360000
2022-12-16 14:39:00,1.0626,1.06283,1.06204,1.0625,912,1671201540000
2022-12-16 14:42:00,1.06246,1.06337,1.0623,1.06291,891,1671201720000
2022-12-16 14:45:00,1.06294,1.06492,1.06274,1.06387,1229,1671201900000
2022-12-16 14:48:00,1.06394,1.06484,1.06382,1.06452,1090,1671202080000
2022-12-16 14:51:00,1.06454,1.06456,1.06374,1.06442,972,1671202260000
2022-12-16 14:54:00,1.06443,1.06459,1.0638,1.06421,968,1671202440000
2022-12-16 14:57:00,1.06419,1.06486,1.06408,1.06432,931,1671202620000
2022-12-16 15:00:00,1.06428,1.06435,1.06383,1.06399,840,1671202800000
2022-12-16 15:03:00,1.06399,1.06404,1.0628,1.06306,874,1671202980000
2022-12-16 15:06:00,1.06307,1.06313,1.06227,1.06238,881,1671203160000
2022-12-16 15:09:00,1.06236,1.0625,1.06134,1.06149,763,1671203340000
2022-12-16 15:12:00,1.06148,1.062,1.0613,1.06146,766,1671203520000
2022-12-16 15:15:00,1.06151,1.06234,1.0614,1.06207,871,1671203700000
2022-12-16 15:18:00,1.0619,1.0623,1.0615,1.06169,860,1671203880000
2022-12-16 15:21:00,1.06166,1.06225,1.0615,1.0622,821,1671204060000
2022-12-16 15:24:00,1.06215,1.0626,1.0619,1.06246,813,1671204240000
2022-12-16 15:27:00,1.06246,1.06258,1.0619,1.06223,825,1671204420000
2022-12-16 15:30:00,1.06222,1.06263,1.06177,1.06179,951,1671204600000
2022-12-16 15:33:00,1.0618,1.06209,1.0614,1.06161,891,1671204780000
2022-12-16 15:36:00,1.06155,1.06176,1.06128,1.06175,821,1671204960000
2022-12-16 15:39:00,1.06179,1.06196,1.0612,1.06152,751,1671205140000
2022-12-16 15:42:00,1.06157,1.06196,1.06109,1.06158,737,1671205320000
2022-12-16 15:45:00,1.06159,1.06189,1.0608,1.06142,894,1671205500000
2022-12-16 15:48:00,1.06141,1.06244,1.0613,1.0623,942,1671205680000
2022-12-16 15:51:00,1.06235,1.0624,1.06085,1.06115,933,1671205860000
2022-12-16 15:54:00,1.06114,1.06123,1.0607,1.06084,838,1671206040000
2022-12-16 15:57:00,1.06088,1.06169,1.06083,1.06162,920,1671206220000
2022-12-16 16:00:00,1.06158,1.06183,1.0613,1.06173,926,1671206400000
2022-12-16 16:03:00,1.0617,1.06246,1.0615,1.06233,860,1671206580000
2022-12-16 16:06:00,1.06234,1.06236,1.0618,1.06193,734,1671206760000
2022-12-16 16:09:00,1.06197,1.062,1.0614,1.0615,779,1671206940000
2022-12-16 16:12:00,1.06151,1.06171,1.0613,1.06164,763,1671207120000
2022-12-16 16:15:00,1.06163,1.06168,1.0613,1.06143,721,1671207300000
2022-12-16 16:18:00,1.06137,1.06152,1.061,1.06138,703,1671207480000
2022-12-16 16:21:00,1.06135,1.06163,1.06015,1.06024,791,1671207660000
2022-12-16 16:24:00,1.06014,1.06089,1.06,1.06057,835,1671207840000
2022-12-16 16:27:00,1.06055,1.0607,1.0597,1.05994,764,1671208020000
2022-12-16 16:30:00,1.05993,1.06038,1.0599,1.06017,642,1671208200000
2022-12-16 16:33:00,1.06015,1.06026,1.0598,1.05999,710,1671208380000
2022-12-16 16:36:00,1.06,1.06017,1.0597,1.05994,629,1671208560000
2022-12-16 16:39:00,1.0599,1.06048,1.0597,1.06022,730,1671208740000
2022-12-16 16:42:00,1.06023,1.06058,1.0599,1.06048,705,1671208920000
2022-12-16 16:45:00,1.06051,1.06058,1.06,1.06029,700,1671209100000
2022-12-16 16:48:00,1.0603,1.06122,1.06,1.06117,746,1671209280000
2022-12-16 16:51:00,1.06118,1.06132,1.06078,1.06107,760,1671209460000
2022-12-16 16:54:00,1.06108,1.06122,1.0608,1.06107,620,1671209640000
2022-12-16 16:57:00,1.06102,1.0613,1.0608,1.06092,546,1671209820000
2022-12-16 17:00:00,1.06093,1.06106,1.0605,1.06077,757,1671210000000
2022-12-16 17:03:00,1.06073,1.0612,1.0607,1.06103,593,1671210180000
2022-12-16 17:06:00,1.06102,1.06114,1.0607,1.06095,620,1671210360000
2022-12-16 17:09:00,1.06096,1.06136,1.0608,1.06135,585,1671210540000
2022-12-16 17:12:00,1.06134,1.06143,1.061,1.06129,476,1671210720000
2022-12-16 17:15:00,1.06128,1.0617,1.061,1.06165,582,1671210900000
2022-12-16 17:18:00,1.06163,1.06194,1.0614,1.06157,548,1671211080000
2022-12-16 17:21:00,1.06154,1.06162,1.0608,1.06105,668,1671211260000
2022-12-16 17:24:00,1.0608,1.06145,1.0608,1.06137,554,1671211440000
2022-12-16 17:27:00,1.06136,1.06154,1.061,1.06154,593,1671211620000
2022-12-16 17:30:00,1.06153,1.0616,1.0612,1.06143,576,1671211800000
2022-12-16 17:33:00,1.06144,1.06164,1.0611,1.06163,512,1671211980000
2022-12-16 17:36:00,1.06161,1.0619,1.06119,1.06122,558,1671212160000
2022-12-16 17:39:00,1.06123,1.06131,1.0608,1.06105,488,1671212340000
2022-12-16 17:42:00,1.06101,1.06115,1.0606,1.06089,607,1671212520000
2022-12-16 17:45:00,1.06089,1.06104,1.0606,1.06099,550,1671212700000
2022-12-16 17:48:00,1.06103,1.0611,1.0608,1.06092,524,1671212880000
2022-12-16 17:51:00,1.06089,1.061,1.0605,1.0607,470,1671213060000
2022-12-16 17:54:00,1.06071,1.0608,1.0604,1.06057,532,1671213240000
2022-12-16 17:57:00,1.06058,1.0607,1.0603,1.06049,472,1671213420000
2022-12-16 18:00:00,1.06048,1.06057,1.0602,1.06049,514,1671213600000
2022-12-16 18:03:00,1.06051,1.0608,1.0603,1.06063,426,1671213780000
2022-12-16 18:06:00,1.06062,1.06074,1.0605,1.06071,442,1671213960000
2022-12-16 18:09:00,1.06069,1.0608,1.0605,1.06077,379,1671214140000
2022-12-16 18:12:00,1.06076,1.06111,1.0604,1.06103,442,1671214320000
2022-12-16 18:15:00,1.06104,1.06104,1.0607,1.06086,354,1671214500000
2022-12-16 18:18:00,1.06087,1.06102,1.0607,1.06089,359,1671214680000
2022-12-16 18:21:00,1.06088,1.0612,1.0607,1.06107,328,1671214860000
2022-12-16 18:24:00,1.06105,1.0611,1.0608,1.06093,286,1671215040000
2022-12-16 18:27:00,1.06093,1.0611,1.0607,1.06098,371,1671215220000
2022-12-16 18:30:00,1.06098,1.0611,1.0607,1.06099,410,1671215400000
2022-12-16 18:33:00,1.06098,1.06111,1.0607,1.0609,393,1671215580000
2022-12-16 18:36:00,1.0607,1.06116,1.0607,1.06104,378,1671215760000
2022-12-16 18:39:00,1.06104,1.06118,1.0608,1.06114,360,1671215940000
2022-12-16 18:42:00,1.06113,1.06124,1.0609,1.06113,286,1671216120000
2022-12-16 18:45:00,1.06114,1.06143,1.061,1.06136,392,1671216300000
2022-12-16 18:48:00,1.06133,1.06154,1.0612,1.06139,453,1671216480000
2022-12-16 18:51:00,1.06138,1.0616,1.0611,1.06156,395,1671216660000
2022-12-16 18:54:00,1.06153,1.0616,1.0613,1.0615,363,1671216840000
2022-12-16 18:57:00,1.06149,1.06171,1.0613,1.06148,431,1671217020000
2022-12-16 19:00:00,1.06147,1.06153,1.0612,1.0614,316,1671217200000
2022-12-16 19:03:00,1.06141,1.0615,1.0611,1.06118,423,1671217380000
2022-12-16 19:06:00,1.06119,1.0613,1.06078,1.06084,410,1671217560000
2022-12-16 19:09:00,1.06079,1.0609,1.0606,1.06087,398,1671217740000
2022-12-16 19:12:00,1.06088,1.06091,1.0606,1.06078,409,1671217920000
2022-12-16 19:15:00,1.06079,1.06086,1.0603,1.06053,446,1671218100000
2022-12-16 19:18:00,1.06052,1.0606,1.0603,1.06041,354,1671218280000
2022-12-16 19:21:00,1.0604,1.0605,1.0602,1.06045,377,1671218460000
2022-12-16 19:24:00,1.06042,1.0605,1.0602,1.06036,351,1671218640000
2022-12-16 19:27:00,1.06034,1.06053,1.0602,1.06043,357,1671218820000
2022-12-16 19:30:00,1.06043,1.0605,1.0598,1.06002,432,1671219000000
2022-12-16 19:33:00,1.05998,1.0602,1.0598,1.05988,335,1671219180000
2022-12-16 19:36:00,1.0599,1.06004,1.0597,1.05993,342,1671219360000
2022-12-16 19:39:00,1.05994,1.06,1.0595,1.05991,357,1671219540000
2022-12-16 19:42:00,1.05987,1.06,1.0597,1.05991,285,1671219720000
2022-12-16 19:45:00,1.05987,1.06,1.0597,1.05995,343,1671219900000
2022-12-16 19:48:00,1.05995,1.06005,1.0597,1.05985,430,1671220080000
2022-12-16 19:51:00,1.05984,1.05986,1.0594,1.05966,379,1671220260000
2022-12-16 19:54:00,1.05967,1.05999,1.0595,1.05995,528,1671220440000
2022-12-16 19:57:00,1.05997,1.06004,1.0597,1.05995,634,1671220620000
2022-12-16 20:00:00,1.05996,1.06,1.0594,1.05978,624,1671220800000
2022-12-16 20:03:00,1.05977,1.06008,1.0596,1.05993,532,1671220980000
2022-12-16 20:06:00,1.05988,1.05996,1.0595,1.05974,429,1671221160000
2022-12-16 20:09:00,1.05975,1.0602,1.0596,1.06017,520,1671221340000
2022-12-16 20:12:00,1.06016,1.0603,1.0599,1.06025,518,1671221520000
2022-12-16 20:15:00,1.0602,1.0605,1.0601,1.06034,458,1671221700000
2022-12-16 20:18:00,1.06033,1.06042,1.0601,1.06037,536,1671221880000
2022-12-16 20:21:00,1.06038,1.06043,1.06,1.06014,505,1671222060000
2022-12-16 20:24:00,1.06012,1.06026,1.0598,1.0601,541,1671222240000
2022-12-16 20:27:00,1.06011,1.0604,1.0599,1.06034,478,1671222420000
2022-12-16 20:30:00,1.06033,1.06063,1.0602,1.06041,713,1671222600000
2022-12-16 20:33:00,1.0604,1.06043,1.06,1.06034,653,1671222780000
2022-12-16 20:36:00,1.06033,1.06042,1.06,1.06008,467,1671222960000
2022-12-16 20:39:00,1.06008,1.06028,1.0599,1.06003,590,1671223140000
2022-12-16 20:42:00,1.06002,1.0602,1.0598,1.06006,544,1671223320000
2022-12-16 20:45:00,1.06007,1.0603,1.0599,1.06013,567,1671223500000
2022-12-16 20:48:00,1.0601,1.06021,1.0598,1.0599,568,1671223680000
2022-12-16 20:51:00,1.06,1.06004,1.0597,1.05993,556,1671223860000
2022-12-16 20:54:00,1.05991,1.0601,1.0597,1.05996,518,1671224040000
2022-12-16 20:57:00,1.05997,1.06,1.0591,1.05922,536,1671224220000
2022-12-16 21:00:00,1.0592,1.05944,1.059,1.05941,616,1671224400000
2022-12-16 21:03:00,1.0594,1.0595,1.0591,1.0593,345,1671224580000
2022-12-16 21:06:00,1.05933,1.05953,1.05929,1.05949,307,1671224760000
2022-12-16 21:09:00,1.0595,1.05962,1.059,1.05921,298,1671224940000
2022-12-16 21:12:00,1.05921,1.05922,1.0586,1.0588,339,1671225120000
2022-12-16 21:15:00,1.05881,1.059,1.0586,1.0588,228,1671225300000
2022-12-16 21:18:00,1.05879,1.05891,1.0587,1.0588,211,1671225480000
2022-12-16 21:21:00,1.0588,1.0589,1.0585,1.0587,290,1671225660000
2022-12-16 21:24:00,1.05867,1.0587,1.0585,1.05864,174,1671225840000
2022-12-16 21:27:00,1.05865,1.0589,1.0585,1.0586,290,1671226020000
2022-12-16 21:30:00,1.0586,1.0588,1.0585,1.05871,237,1671226200000
2022-12-16 21:33:00,1.05876,1.0588,1.0585,1.05863,154,1671226380000
2022-12-16 21:36:00,1.05862,1.05882,1.0585,1.05863,186,1671226560000
2022-12-16 21:39:00,1.05861,1.0588,1.0584,1.0586,148,1671226740000
2022-12-16 21:42:00,1.0586,1.0588,1.05848,1.05865,199,1671226920000
2022-12-16 21:45:00,1.05863,1.0591,1.0585,1.0588,318,1671227100000
2022-12-16 21:48:00,1.05902,1.05915,1.0588,1.05894,357,1671227280000
2022-12-16 21:51:00,1.05904,1.0591,1.0588,1.05887,229,1671227460000
2022-12-16 21:54:00,1.05898,1.05911,1.0585,1.05866,258,1671227640000
2022-12-16 21:57:00,1.05866,1.0587,1.0572,1.0585,120,1671227820000
2022-12-16 22:00:00,1.0586,1.0592,1.0585,1.059,24,1671228000000
2022-12-16 22:03:00,1.0591,1.0591,1.0583,1.0587,19,1671228180000
2022-12-16 22:06:00,1.0589,1.059,1.0587,1.0588,16,1671228360000
2022-12-16 22:09:00,1.0591,1.0595,1.0588,1.0591,20,1671228540000
2022-12-16 22:12:00,1.0592,1.0593,1.0592,1.0592,5,1671228720000
2022-12-16 22:15:00,1.0593,1.0595,1.0593,1.0593,4,1671228900000
2022-12-16 22:45:00,1.0595,1.0597,1.0594,1.0597,11,1671230700000
2022-12-16 22:48:00,1.0596,1.0599,1.0596,1.0597,8,1671230880000
